month,exercise,exercise_template_id,max_volume_kg,max_weight_kg,e1rm_kg
2019-11,Back Pulldown Machine,dd49e147-58a9-4f6b-888a-01eee4d0906b,480.00,40.00,56.00
2019-11,Bench Press,f8a3998a-8d21-4c87-964a-6d9cbe80783e,600.00,50.00,70.00
2019-11,Bicep Curl Machine,c216730a-7ba2-4beb-af07-bf85cfc12ae9,64.00,8.00,10.13
2019-11,Cable Crossovers,9bfee4e8-dec2-4a26-9195-30e97d169cbd,132.00,11.25,15.40
2019-11,Cable Row,533143fd-6d6f-4c85-8b91-5be4dcd72dbe,456.00,38.00,53.20
2019-11,Dumbbell Lateral Raises,b65e3550-0679-449e-bbed-b5e23e040979,60.00,10.00,12.00
2019-11,Dumbbell Press,2fa7e7f2-edf5-4c8b-9506-0faa1d8e7cb1,112.00,16.00,19.73
2019-11,Dumbbell Row,F1E57334,112.00,14.00,17.73
2019-11,Incline Dumbbell Press,96ecab88-6a52-496b-8e61-9a7b1c9b7fa6,192.00,20.00,23.33
2019-11,Machine Chest Press,2a731c4f-d1b5-4e9c-a58d-0556519ce4cd,480.00,40.00,56.00
2019-11,Pulldowns,6702a6a1-ac73-457b-8d17-11053ddd2dc6,384.00,32.00,44.80
2019-11,Shoulder Dumbbell Press,c08aa407-f350-43ae-a868-3117879a8fe6,162.00,18.00,23.40
2019-11,Shoulder Press Machine,4d7e5668-5480-4419-848f-ce49e08a8d20,300.00,25.00,35.00
2019-11,Shrugs,bb819cc3-09f9-4930-adf6-3411a4123ab4,216.00,18.00,25.20
2019-11,Triceps Cable Pushdown,7cd7ad01-175b-461d-9fa6-e551d1d8085b,216.00,18.00,25.20
2019-11,Upper Back Row Machine,85d98af9-e571-43b0-b48f-d9a6fc68bebe,420.00,35.00,49.00
2019-11,Upright Rows Cable,1235d2e2-0cec-45b2-8178-e0360424f066,160.00,20.00,25.33
2019-12,Bench Press,f8a3998a-8d21-4c87-964a-6d9cbe80783e,550.00,55.00,73.33
2019-12,Cable Crossovers,9bfee4e8-dec2-4a26-9195-30e97d169cbd,132.00,18.00,21.60
2019-12,Dumbbell Lateral Raises,b65e3550-0679-449e-bbed-b5e23e040979,96.00,8.00,11.20
2019-12,Incline Dumbbell Press,96ecab88-6a52-496b-8e61-9a7b1c9b7fa6,144.00,18.00,22.80
2019-12,Shoulder Dumbbell Press,c08aa407-f350-43ae-a868-3117879a8fe6,168.00,14.00,19.60
2019-12,Shrugs,bb819cc3-09f9-4930-adf6-3411a4123ab4,216.00,18.00,25.20
2019-12,Single Cable Lateral Raise,8b9b7879-1b97-4ad7-ae84-bfc38c222974,66.00,5.50,7.70
2019-12,Triceps Cable Pushdown,7cd7ad01-175b-461d-9fa6-e551d1d8085b,216.00,18.00,25.20
2019-12,Upright Rows Cable,1235d2e2-0cec-45b2-8178-e0360424f066,240.00,20.00,28.00
2020-01,Bench Press,f8a3998a-8d21-4c87-964a-6d9cbe80783e,600.00,60.00,80.00
2020-01,Bicep Curls,85ed6395-a85a-495b-a003-5d7022d47e05,120.00,10.00,14.00
2020-01,Cable Crossovers,9bfee4e8-dec2-4a26-9195-30e97d169cbd,132.00,11.00,15.40
2020-01,Cable Row,533143fd-6d6f-4c85-8b91-5be4dcd72dbe,624.00,52.00,72.80
2020-01,Dumbbell Row,F1E57334,192.00,16.00,22.40
2020-01,Incline Dumbbell Press,96ecab88-6a52-496b-8e61-9a7b1c9b7fa6,240.00,20.00,28.00
2020-01,Pulldowns,6702a6a1-ac73-457b-8d17-11053ddd2dc6,624.00,52.00,72.80
2020-01,Triceps Cable Pushdown,7cd7ad01-175b-461d-9fa6-e551d1d8085b,300.00,25.00,35.00
2020-02,Bench Press,f8a3998a-8d21-4c87-964a-6d9cbe80783e,720.00,60.00,84.00
2020-02,Bicep Curls,85ed6395-a85a-495b-a003-5d7022d47e05,144.00,12.00,16.80
2020-02,Cable Crossovers,9bfee4e8-dec2-4a26-9195-30e97d169cbd,216.00,18.00,25.20
2020-02,Cable Curl,30bfcce9-e078-41a1-8f38-aaf7959a1cdf,132.00,11.00,15.40
2020-02,Cable Row,533143fd-6d6f-4c85-8b91-5be4dcd72dbe,792.00,66.00,92.40
2020-02,Dumbbell Flies,bd9919cc-b9d1-4f16-8559-a3bbf3916ccf,140.00,10.00,14.67
2020-02,Dumbbell Row,F1E57334,216.00,18.00,25.20
2020-02,Incline Dumbbell Press,96ecab88-6a52-496b-8e61-9a7b1c9b7fa6,240.00,22.00,29.33
2020-02,Pulldowns,6702a6a1-ac73-457b-8d17-11053ddd2dc6,792.00,66.00,92.40
2020-02,Triceps Cable Pushdown,7cd7ad01-175b-461d-9fa6-e551d1d8085b,300.00,25.00,35.00
2020-04,Barbell Curl,90189533-ff3a-4b56-b831-3ffdcde57597,240.00,20.00,28.00
2020-04,Barbell Row,b1229291-ca75-4b24-8dcf-7a1dc908aeb6,240.00,20.00,28.00
2020-04,Bench Press,f8a3998a-8d21-4c87-964a-6d9cbe80783e,600.00,30.00,50.00
2020-04,Dumbbell Flies,bd9919cc-b9d1-4f16-8559-a3bbf3916ccf,145.00,5.00,9.83
2020-04,Dumbbell Lateral Raises,b65e3550-0679-449e-bbed-b5e23e040979,60.00,5.00,7.00
2020-04,Dumbbell Row,F1E57334,120.00,10.00,14.00
2020-04,Military Press,fda0660f-f313-4233-b540-6840edf9229e,160.00,20.00,25.33
2020-04,Upright Barbell Row,d2a104bf-0371-41ca-96fb-1a466e628f64,400.00,40.00,53.33
2021-08,Back Extension (Weighted Hyperextension),091737FA,140.00,20.00,24.67
2021-08,Bench Press (Dumbbell),3601968B,300.00,27.50,35.00
2021-08,Bent Over Row - Underhand (Barbell),0efd8f75-77bd-4745-8ef9-012b4f40f404,600.00,90.00,96.00
2021-08,Bent Over Row (Barbell),55E6546F,720.00,60.00,84.00
2021-08,Bent Over Row (Cable),f7f5c21a-094d-4c46-b27e-43ad0ac8c534,255.00,28.75,36.42
2021-08,Bicep Curl (Dumbbell),37FCC2BB,180.00,17.50,21.58
2021-08,Cable Crunch,23A48484,525.00,26.25,43.75
2021-08,Cable Fly (Lower),995d2e07-5f8d-47e1-809f-5f2107faa6d8,90.00,11.25,14.25
2021-08,Cable Pull Through,8C331CD8,225.00,21.25,28.33
2021-08,Cable Twist (Up to down),A2D838BD,281.25,21.25,29.75
2021-08,Chest Fly (Machine),78683336,1088.00,77.00,107.80
2021-08,Chin Up (Assisted),D23C609B,1200.00,100.00,140.00
2021-08,Deadlift (Barbell),C6272009,800.00,120.00,144.00
2021-08,Deadlift (Smith Machine),20870ED5,1320.00,110.00,154.00
2021-08,Hammer Curl (Dumbbell),7E3BC8B6,125.00,15.00,18.00
2021-08,Hip Thrust (Barbell),D57C2EC7,360.00,30.00,42.00
2021-08,Incline Bench Press (Barbell),50DFDFAB,560.00,100.00,110.00
2021-08,Kettlebell Goblet Squat,A127DA73,360.00,35.00,46.67
2021-08,Lat Pulldown (Cable),6A6C31A5,948.00,79.00,110.60
2021-08,Lateral Raise (Dumbbell),422B08F1,150.00,12.50,17.50
2021-08,Leg Extension (Machine),75A4F6C4,730.00,73.00,97.33
2021-08,Leg Press (Machine),C7973E0E,2800.00,280.00,373.33
2021-08,Overhead Press (Dumbbell),6AC96645,200.00,20.00,26.67
2021-08,Overhead Press (Smith Machine),B09A1304,400.00,60.00,70.00
2021-08,Preacher Curl (Barbell),4F942934,340.00,42.50,53.83
2021-08,Rear Delt Reverse Fly (Machine),D8281C62,400.00,54.00,63.33
2021-08,Seated Bicep Curl (Dumbbell),ba15b8a7-ae04-41db-a22f-23f84aa9ca48,80.00,10.00,12.67
2021-08,Seated Cable Row - V Grip (Cable),0393F233,560.00,70.00,88.67
2021-08,Seated Leg Curl (Machine),11A123F3,1360.00,68.00,113.33
2021-08,Seated Tricep Extensions (Dumbbell),3f6150ac-f51f-40a8-8e1f-435798db8375,60.00,10.00,12.00
2021-08,Serratus Jab (Cable),93420a71-bea7-4a62-9ba7-c46171c7e3d6,105.00,8.75,12.25
2021-08,Shrug (Dumbbell),ABEC557F,330.00,27.50,38.50
2021-08,Single Arm Lat Pulldown,2EE45F81,190.00,23.75,30.08
2021-08,Skullcrusher (Dumbbell),68F8A292,228.00,25.00,31.67
2021-08,Squat (Barbell),D04AC939,720.00,100.00,123.33
2021-08,Standing Calf Raise (Smith Machine),90d36892-390d-4868-939f-15511ed2aa6f,900.00,60.00,90.00
2021-08,Triceps Extension (Barbell),2F8D3067,337.50,27.50,38.50
2021-08,Triceps Extension (Cable),21310F5F,112.50,11.25,15.00
2021-08,Triceps Pushdown,93A552C6,262.50,31.25,36.46
2021-09,Arnold Press (Dumbbell),A69FF221,125.00,12.50,16.67
2021-09,Back Extension (Weighted Hyperextension),091737FA,200.00,20.00,26.67
2021-09,Bench Press (Barbell),79D0BB3A,720.00,80.00,88.00
2021-09,Bench Press (Dumbbell),3601968B,260.00,32.50,41.17
2021-09,Bent Over Row (Barbell),55E6546F,1200.00,60.00,100.00
2021-09,Bicep Curl (Dumbbell),37FCC2BB,225.00,20.00,25.33
2021-09,Cable Crunch,23A48484,460.00,28.75,44.08
2021-09,Cable Fly (Lower),995d2e07-5f8d-47e1-809f-5f2107faa6d8,115.50,8.75,12.10
2021-09,Cable Pull Through,8C331CD8,787.50,33.75,52.71
2021-09,Cable Twist (Up to down),A2D838BD,318.75,21.25,31.88
2021-09,Chest Dip (Assisted),E9E4089F,640.00,80.00,101.33
2021-09,Chest Fly (Machine),78683336,1155.00,77.00,115.50
2021-09,Chest Supported Incline Row (Dumbbell),914F3A96,180.00,15.00,21.00
2021-09,Chin Up (Assisted),D23C609B,1080.00,90.00,126.00
2021-09,Deadlift (Barbell),C6272009,1080.00,120.00,133.33
2021-09,Deadlift (Smith Machine),20870ED5,1200.00,80.00,120.00
2021-09,Dumbbell Row,F1E57334,180.00,15.00,21.00
2021-09,Front Raise (Cable),DBB91A3C,75.00,6.25,8.75
2021-09,Hammer Curl (Dumbbell),7E3BC8B6,300.00,17.50,24.50
2021-09,Hip Thrust (Barbell),D57C2EC7,950.00,60.00,90.00
2021-09,Incline Bench Press (Barbell),50DFDFAB,600.00,80.00,93.33
2021-09,Incline Bench Press (Dumbbell),07B38369,180.00,22.50,28.50
2021-09,Incline Bench Press (Smith Machine),3A6FA3D1,720.00,80.00,96.00
2021-09,Incline Dumbbell Overhead Extensions,e29ac341-972c-4883-9932-a182ad358ddb,165.00,13.75,19.25
2021-09,Isolated Hammer Curl,97327dc4-bee8-4765-8ee7-de4dbb8ff996,125.00,15.00,18.00
2021-09,Kettlebell Goblet Squat,A127DA73,450.00,37.50,52.50
2021-09,Lat Pulldown (Cable),6A6C31A5,1050.00,79.00,105.00
2021-09,Lateral Raise (Dumbbell),422B08F1,160.00,12.50,16.67
2021-09,Leg Extension (Machine),75A4F6C4,1296.00,54.00,97.20
2021-09,Leg Press (Machine),C7973E0E,3760.00,235.00,360.33
2021-09,Overhead Press (Dumbbell),6AC96645,140.00,20.00,24.67
2021-09,Overhead Press (Smith Machine),B09A1304,480.00,60.00,76.00
2021-09,Preacher Curl (Barbell),4F942934,45.00,22.50,24.00
2021-09,Seated Bicep Curl (Dumbbell),ba15b8a7-ae04-41db-a22f-23f84aa9ca48,150.00,12.50,17.50
2021-09,Seated Cable Row - V Grip (Cable),0393F233,1330.00,70.00,114.33
2021-09,Seated Leg Curl (Machine),11A123F3,1180.00,59.00,98.33
2021-09,Serratus Jab (Cable),93420a71-bea7-4a62-9ba7-c46171c7e3d6,135.00,11.25,15.75
2021-09,Shoulder Press (Dumbbell),878CD1D0,157.50,25.00,27.75
2021-09,Shrug (Smith Machine),742E5BD5,840.00,60.00,88.00
2021-09,Single Arm Lat Pulldown,2EE45F81,285.00,23.75,33.25
2021-09,Single Seated Row (Cable),fbe3566a-c1e5-43fb-9b1f-3fd2726959fd,516.00,43.00,60.20
2021-09,Squat (Barbell),D04AC939,1200.00,120.00,160.00
2021-09,Standing Calf Raise (Smith Machine),90d36892-390d-4868-939f-15511ed2aa6f,720.00,60.00,84.00
2021-09,Triceps Extension (Cable),21310F5F,131.25,11.25,14.63
2021-09,Triceps Pushdown,93A552C6,406.25,31.25,44.79
2021-09,Triceps Pushdown (Cable - Rope),9635a015-e485-4e54-a0cf-29ad5e85e0fa,315.00,31.25,40.63
2021-10,Alternate Grip Seated Overhead Press (Dumbbell),02aa3dc5-9bf2-425b-9f5e-14fe46f29181,175.00,17.50,23.33
2021-10,Arnold Press (Dumbbell),A69FF221,150.00,12.50,17.50
2021-10,Back Extension (Weighted Hyperextension),091737FA,180.00,15.00,21.00
2021-10,Bench Press (Barbell),79D0BB3A,720.00,100.00,108.00
2021-10,Bench Press (Dumbbell),3601968B,330.00,32.50,41.17
2021-10,Bent Over Row (Smith Machine),15722552-bae0-4273-a127-72ebb8e73859,720.00,70.00,93.33
2021-10,Bicep Curl (Dumbbell),37FCC2BB,240.00,20.00,28.00
2021-10,Cable Crossover (High),bf83e68e-b6a0-47ca-aa48-68b048950e59,225.00,13.75,19.71
2021-10,Cable Crossover (Low),ed312223-c6b3-4721-a554-f8e1fe5a40fa,87.50,11.25,13.50
2021-10,Cable Crunch,23A48484,345.00,28.75,40.25
2021-10,Cable Fly (Lower),995d2e07-5f8d-47e1-809f-5f2107faa6d8,135.00,16.25,17.88
2021-10,Cable Fly Crossovers,651F844C,151.25,13.75,18.79
2021-10,Cable Pull Through,8C331CD8,618.75,41.25,61.88
2021-10,Cable Twist (Up to down),A2D838BD,255.00,23.75,31.67
2021-10,Chest Fly (Machine),78683336,1155.00,77.00,115.50
2021-10,Chest Press (Machine),7EB3F7C3,228.00,70.00,72.33
2021-10,Chest Supported Incline Row (Dumbbell),914F3A96,270.00,22.50,31.50
2021-10,Close Grip Vertical Dumbbell Press,efb7074a-d932-4248-8397-d99d58fb71f5,75.00,12.50,15.00
2021-10,Deadlift (Barbell),C6272009,640.00,90.00,105.00
2021-10,Deadlift (Smith Machine),20870ED5,1200.00,100.00,133.33
2021-10,Deadlift (Trap bar),B923B230,900.00,140.00,168.00
2021-10,Dumbbell Row,F1E57334,275.00,27.50,36.67
2021-10,Face Pull,BE640BA0,285.00,23.75,33.25
2021-10,Hip Thrust (Barbell),D57C2EC7,975.00,100.00,120.00
2021-10,Incline Bench Press (Dumbbell),07B38369,375.00,32.20,40.79
2021-10,Incline Bench Press (Smith Machine),3A6FA3D1,660.00,60.00,82.00
2021-10,Incline Dumbbell Overhead Extensions,e29ac341-972c-4883-9932-a182ad358ddb,195.00,18.75,22.75
2021-10,Isolated Bent Over Bicep Curl,751c1f17-4437-4b16-bba9-20b325352603,210.00,17.50,24.50
2021-10,Isolated Bicep Curl,5394fbc4-5d1c-404e-a662-41af1591ce0e,180.00,15.00,21.00
2021-10,Isolated Hammer Curl,97327dc4-bee8-4765-8ee7-de4dbb8ff996,150.00,12.50,17.50
2021-10,Lat Pulldown (Cable),6A6C31A5,790.00,79.00,105.33
2021-10,Lateral Raise (Cable),BE289E45,75.00,6.25,8.75
2021-10,Lateral Raise (Dumbbell),422B08F1,75.00,5.00,7.50
2021-10,One Arm Reverse Fly (Cable),a345583f-65b4-4e9b-9857-ff61a45b9bc5,75.00,6.25,8.75
2021-10,Overhead Press (Dumbbell),6AC96645,225.00,22.50,30.00
2021-10,Romanian Deadlift (Barbell),2B4B7310,720.00,100.00,120.00
2021-10,Seated Cable Row - V Grip (Cable),0393F233,948.00,89.00,112.73
2021-10,Seated Leg Curl (Machine),11A123F3,660.00,55.00,77.00
2021-10,Serratus Jab (Cable),93420a71-bea7-4a62-9ba7-c46171c7e3d6,105.00,8.75,12.25
2021-10,Shoulder Press (Dumbbell),878CD1D0,400.00,22.50,33.75
2021-10,Single Arm Lat Pulldown,2EE45F81,285.00,26.25,33.25
2021-10,Single Seated Row (Cable),fbe3566a-c1e5-43fb-9b1f-3fd2726959fd,408.00,34.00,47.60
2021-10,Squat (Barbell),D04AC939,1100.00,120.00,152.00
2021-10,Standing Calf Raise (Smith Machine),90d36892-390d-4868-939f-15511ed2aa6f,1080.00,90.00,126.00
2021-10,Stiff Leg Deadlift (Dumbbell),bafb2cec-3353-48c9-8ea2-88f225557aca,100.00,12.50,15.83
2021-10,Stiff Leg Deadlift (Smith Machine),f409d012-caae-47bb-bd1f-2d5e007522b8,600.00,50.00,70.00
2021-10,Tricep Extension (Single),ef68e990-624d-4403-b919-7c00fcefb78b,135.00,11.25,15.75
2021-10,Triceps Pushdown,93A552C6,345.00,31.25,42.71
2021-11,Back Extension (Weighted Hyperextension),091737FA,60.00,5.00,7.00
2021-11,Bench Press (Dumbbell),3601968B,408.00,30.00,39.00
2021-11,Bent Over Row (Smith Machine),15722552-bae0-4273-a127-72ebb8e73859,600.00,70.00,88.67
2021-11,Bicep Curl (Dumbbell),37FCC2BB,180.00,12.50,16.25
2021-11,Butterfly (Pec Deck),9DCE2D64,972.00,68.00,95.20
2021-11,Cable Pull Through,8C331CD8,495.00,41.25,57.75
2021-11,Chest Supported Incline Row (Dumbbell),914F3A96,270.00,22.50,31.50
2021-11,Deadlift (Barbell),C6272009,640.00,120.00,136.00
2021-11,Deadlift (Smith Machine),20870ED5,1080.00,60.00,96.00
2021-11,Deadlift (Trap bar),B923B230,1080.00,60.00,96.00
2021-11,Face Pull,BE640BA0,382.50,21.25,34.00
2021-11,Hammer Curl (Dumbbell),7E3BC8B6,190.00,10.00,16.33
2021-11,Hip Thrust (Barbell),D57C2EC7,1050.00,85.00,113.33
2021-11,Incline Bench Press (Dumbbell),07B38369,275.00,30.00,36.67
2021-11,Lat Pulldown (Cable),6A6C31A5,1098.00,70.00,98.00
2021-11,Lateral Raise (Cable),BE289E45,75.00,6.25,8.75
2021-11,Lateral Raise (Dumbbell),422B08F1,108.00,7.50,10.50
2021-11,Leg Extension (Machine),75A4F6C4,900.00,54.00,81.00
2021-11,Overhead Press (Barbell),7B8D84E8,440.00,40.00,54.67
2021-11,Overhead Press (Dumbbell),6AC96645,270.00,20.00,26.67
2021-11,Preacher Curl (Barbell),4F942934,1800.00,225.00,285.00
2021-11,Seated Bicep Curl (Dumbbell),ba15b8a7-ae04-41db-a22f-23f84aa9ca48,120.00,10.00,14.00
2021-11,Seated Cable Row - V Grip (Cable),0393F233,936.00,61.00,91.50
2021-11,Seated Leg Curl (Machine),11A123F3,810.00,45.00,72.00
2021-11,Shrug (Dumbbell),ABEC557F,330.00,27.50,38.50
2021-11,Side Bend (Cable),9516983f-2dca-4e5d-a79f-49f4507b7cb7,247.50,13.75,22.00
2021-11,Side Pull (Cable),f8bd4b8f-0408-43bc-aaff-9627facf9d26,67.50,3.75,6.00
2021-11,Squat (Barbell),D04AC939,1080.00,100.00,120.00
2021-11,Standing Calf Raise (Smith Machine),90d36892-390d-4868-939f-15511ed2aa6f,1200.00,60.00,100.00
2021-11,Stiff Leg Deadlift (Smith Machine),f409d012-caae-47bb-bd1f-2d5e007522b8,400.00,50.00,63.33
2021-11,Triceps Extension (Cable),21310F5F,112.50,8.75,11.08
2021-11,Triceps Pushdown,93A552C6,340.00,21.25,32.58
2021-11,Triceps Pushdown (Cable - Rope),9635a015-e485-4e54-a0cf-29ad5e85e0fa,255.00,28.75,36.42
2021-11,Vertical Row (Cable Machine),4e254b99-91b5-4ca3-8c90-599e101f5fd7,877.50,48.75,78.00
2021-12,21s Easy Bar,69494449-4764-4886-8640-7e9a91643e13,315.00,15.00,25.50
2021-12,Back Extension (Weighted Hyperextension),091737FA,60.00,5.00,7.00
2021-12,Bench Press (Dumbbell),3601968B,300.00,30.00,40.00
2021-12,Bent Over Row (Barbell),55E6546F,900.00,70.00,98.00
2021-12,Bicep Curl (Barbell),A5AC6449,300.00,25.00,35.00
2021-12,Butterfly (Pec Deck),9DCE2D64,816.00,68.00,95.20
2021-12,Cable Crossover (High),bf83e68e-b6a0-47ca-aa48-68b048950e59,120.00,15.00,19.00
2021-12,Cable Crossover (Low),ed312223-c6b3-4721-a554-f8e1fe5a40fa,60.00,7.50,9.50
2021-12,Chest Supported Dumbbell Delt Flies,bfc1b156-0553-44b3-a0ea-9f3fba6be84e,187.50,12.50,18.75
2021-12,Chest Supported Incline Row (Dumbbell),914F3A96,270.00,22.50,31.50
2021-12,Chest Supported Rear Delt Row,05e90ae3-eab3-4c3e-bafc-4d9dea01742b,480.00,40.00,56.00
2021-12,Chin Up (Assisted),D23C609B,720.00,90.00,114.00
2021-12,Deadlift (Barbell),C6272009,900.00,60.00,90.00
2021-12,Deadlift (Smith Machine),20870ED5,800.00,100.00,126.67
2021-12,Face Pull,BE640BA0,360.00,30.00,42.00
2021-12,Glute Drive (Hip Thrust) Machine,16990248-5131-4341-86c7-255c5dbb2d41,1950.00,140.00,196.00
2021-12,Hammer Curl (Dumbbell),7E3BC8B6,150.00,12.50,17.50
2021-12,Incline Bench Press (Barbell),50DFDFAB,600.00,70.00,81.67
2021-12,Incline Bench Press (Dumbbell),07B38369,240.00,30.00,38.00
2021-12,Incline Dumbbell Overhead Extensions,e29ac341-972c-4883-9932-a182ad358ddb,150.00,12.00,16.00
2021-12,Lat Pulldown (Cable),6A6C31A5,650.00,75.00,95.00
2021-12,Lateral Raise (Cable),BE289E45,112.50,7.60,11.25
2021-12,Lateral Raise (Dumbbell),422B08F1,108.00,9.00,12.60
2021-12,Laying Face Pull (Cable),6bc6bf60-9147-4167-8e4d-fc3c3ef0861c,330.00,30.00,38.50
2021-12,Leg Extension (Machine),75A4F6C4,1032.00,86.00,120.40
2021-12,Lying Leg Curl (Machine),B8127AD1,780.00,65.00,91.00
2021-12,Overhead Press (Dumbbell),6AC96645,180.00,17.50,22.75
2021-12,Pull Up (Assisted),2C37EC5E,1200.00,100.00,140.00
2021-12,Reverse Grip Lat Pulldown (Cable),046E25A2,780.00,75.00,91.00
2021-12,Seated Bicep Curl (Dumbbell),ba15b8a7-ae04-41db-a22f-23f84aa9ca48,140.00,12.50,15.83
2021-12,Seated Cable Row - V Grip (Cable),0393F233,900.00,80.00,105.00
2021-12,Seated Calf Raise,062AB91A,840.00,60.00,88.00
2021-12,Seated Decline Cable Flies,c273ce52-ad69-40b6-ab54-9380e1b0d49d,97.50,7.50,10.75
2021-12,Seated Leg Curl (Machine),11A123F3,876.00,73.00,102.20
2021-12,Shoulder Press (Dumbbell),878CD1D0,210.00,22.50,28.50
2021-12,Shrug (Dumbbell),ABEC557F,480.00,40.00,56.00
2021-12,Single Seated Row (Cable),fbe3566a-c1e5-43fb-9b1f-3fd2726959fd,240.00,30.00,38.00
2021-12,Squat (Barbell),D04AC939,720.00,110.00,128.33
2021-12,Standing Calf Raise (Smith Machine),90d36892-390d-4868-939f-15511ed2aa6f,720.00,60.00,84.00
2021-12,Tricep Extension (Single),ef68e990-624d-4403-b919-7c00fcefb78b,120.00,12.50,14.00
2021-12,Triceps Dip (Assisted),4B4BF8C2,800.00,80.00,106.67
2021-12,Triceps Pushdown,93A552C6,330.00,30.00,38.50
2021-12,Triceps Pushdown (Cable - Rope),9635a015-e485-4e54-a0cf-29ad5e85e0fa,270.00,22.50,31.50
2022-01,Back Extension (Weighted Hyperextension),091737FA,160.00,20.00,25.33
2022-01,Bench Press (Barbell),79D0BB3A,490.00,80.00,90.67
2022-01,Bench Press (Dumbbell),3601968B,240.00,30.00,38.00
2022-01,Bent Over Row (Barbell),55E6546F,840.00,90.00,106.67
2022-01,Bicep Curl (Barbell),A5AC6449,300.00,25.00,35.00
2022-01,Bicep Curl (Barbell) (Overhand),d0a73700-1655-4f31-9174-a6247632e7f7,175.00,17.50,23.33
2022-01,Bicep Curl (Barbell) (Wide Grip),7c75e48a-9fd9-41d1-a1c1-42af6c1547f4,175.00,17.50,23.33
2022-01,Bicep Curl (Dumbbell),37FCC2BB,125.00,12.50,16.67
2022-01,Butterfly (Pec Deck),9DCE2D64,1155.00,77.00,115.50
2022-01,Cable Crossover (High),bf83e68e-b6a0-47ca-aa48-68b048950e59,206.25,13.75,20.63
2022-01,Cable Crossover (Low),ed312223-c6b3-4721-a554-f8e1fe5a40fa,131.25,8.75,13.13
2022-01,Cable Fly Crossovers,651F844C,131.25,8.75,13.13
2022-01,Cable Kickback,9979dffd-f7b0-4a2d-ab21-3cf9eef05fa1,105.00,8.75,12.25
2022-01,Cable Pull Through,8C331CD8,525.00,43.75,61.25
2022-01,Chest Supported Dumbbell Delt Flies,bfc1b156-0553-44b3-a0ea-9f3fba6be84e,125.00,12.50,16.67
2022-01,Chest Supported Dumbbell Rear Delt Row,00d24438-c2a1-4601-a91f-72313bbde437,225.00,15.00,22.50
2022-01,Chest Supported Incline Row (Dumbbell),914F3A96,270.00,22.50,31.50
2022-01,Chest Supported Rear Delt Row,05e90ae3-eab3-4c3e-bafc-4d9dea01742b,480.00,60.00,70.00
2022-01,Chin Up (Assisted),D23C609B,1020.00,85.00,119.00
2022-01,Deadlift (Barbell),C6272009,900.00,110.00,139.33
2022-01,Face Pull,BE640BA0,281.25,18.75,28.13
2022-01,Frog Thrusts,7835d15c-20a7-4e9f-aa5c-0e307ebf28bb,200.00,20.00,26.67
2022-01,Front Raise (Dumbbell),8293E554,90.00,7.50,10.50
2022-01,Glute Drive (Hip Thrust) Machine,16990248-5131-4341-86c7-255c5dbb2d41,1200.00,120.00,160.00
2022-01,Hammer Curl (Dumbbell),7E3BC8B6,175.00,17.50,23.33
2022-01,Hip Thrust (Barbell),D57C2EC7,900.00,60.00,90.00
2022-01,Incline Bench Press (Barbell),50DFDFAB,2480.00,80.00,102.67
2022-01,Incline Bench Press (Dumbbell),07B38369,110.00,30.00,33.00
2022-01,Incline Dumbbell Overhead Extensions,e29ac341-972c-4883-9932-a182ad358ddb,225.00,15.00,22.50
2022-01,Kettlebell Goblet Squat,A127DA73,300.00,30.00,40.00
2022-01,Lat Pulldown (Cable),6A6C31A5,462.00,77.00,92.40
2022-01,Lat Pulldown (Cable) (Behind Neck),b6c21f5b-4dc1-483d-825a-7cfa4bfeb7e2,610.00,61.00,81.33
2022-01,Lateral Raise (Cable),BE289E45,75.00,6.25,8.75
2022-01,Lateral Raise (Dumbbell),422B08F1,120.00,10.00,14.00
2022-01,Leg Extension (Machine),75A4F6C4,876.00,75.00,102.20
2022-01,Overhead Press (Dumbbell),6AC96645,175.00,17.50,23.33
2022-01,Pull Up (Assisted),2C37EC5E,1080.00,90.00,126.00
2022-01,Rear Delt Extensions,ed34caff-4682-4259-ab1e-0db1c3597fe4,60.00,5.00,7.00
2022-01,Reverse Grip Lat Pulldown (Cable),046E25A2,840.00,70.00,98.00
2022-01,Row/Rear Delt Machine,e8c42c7a-7698-420c-9fd5-50f768ebb3ed,540.00,45.00,63.00
2022-01,Seated Bicep Curl (Dumbbell),ba15b8a7-ae04-41db-a22f-23f84aa9ca48,150.00,12.50,17.50
2022-01,Seated Cable Row - V Grip (Cable),0393F233,924.00,77.00,107.80
2022-01,Seated Decline Cable Flies,c273ce52-ad69-40b6-ab54-9380e1b0d49d,131.25,8.75,13.13
2022-01,Shoulder Press (Dumbbell),878CD1D0,180.00,20.00,26.00
2022-01,Shrug (Dumbbell),ABEC557F,412.50,40.00,46.67
2022-01,Single Arm Lat Pulldown,2EE45F81,315.00,26.25,36.75
2022-01,Single Arm Rear Delt Cable Fly,f585c25b-c838-4361-806f-5114c2abf562,75.00,6.25,8.75
2022-01,Squat (Barbell),D04AC939,550.00,130.00,143.00
2022-01,Standing Calf Raise (Smith Machine),90d36892-390d-4868-939f-15511ed2aa6f,2000.00,100.00,166.67
2022-01,Triceps Dip (Assisted),4B4BF8C2,320.00,40.00,50.67
2022-01,Triceps Pushdown,93A552C6,281.25,21.25,29.75
2022-02,Alternate Grip Seated Overhead Press (Dumbbell),02aa3dc5-9bf2-425b-9f5e-14fe46f29181,120.00,17.50,20.42
2022-02,Back Extension (Weighted Hyperextension),091737FA,200.00,20.00,26.67
2022-02,Bench Press (Barbell),79D0BB3A,600.00,80.00,96.00
2022-02,Bench Press (Dumbbell),3601968B,270.00,30.00,39.00
2022-02,Bent Over Row (Barbell),55E6546F,720.00,80.00,101.33
2022-02,Bicep Curl (Barbell),A5AC6449,300.00,25.00,35.00
2022-02,Bicep Curl (Barbell) (Overhand),d0a73700-1655-4f31-9174-a6247632e7f7,300.00,20.00,30.00
2022-02,Bicep Curl (Barbell) (Wide Grip),7c75e48a-9fd9-41d1-a1c1-42af6c1547f4,420.00,28.00,42.00
2022-02,Bulgarian Split Squat,B5D3A742,80.00,15.00,17.50
2022-02,Butterfly (Pec Deck),9DCE2D64,924.00,97.00,116.40
2022-02,Cable Crossover (High),bf83e68e-b6a0-47ca-aa48-68b048950e59,168.75,11.25,16.88
2022-02,Cable Crossover (Low),ed312223-c6b3-4721-a554-f8e1fe5a40fa,93.75,6.25,9.38
2022-02,Cable External Rotation,298bcdae-a8f2-42eb-8050-6f18f4ebfaf5,67.50,3.75,6.00
2022-02,Cable Fly Crossovers,651F844C,131.25,8.75,13.13
2022-02,Cable Hip Abduction,2c7e07a9-9bf4-4512-950d-20952937de8c,56.25,3.75,5.63
2022-02,Cable Kickback,9979dffd-f7b0-4a2d-ab21-3cf9eef05fa1,75.00,6.25,8.75
2022-02,Cable Pull Through,8C331CD8,337.50,33.75,45.00
2022-02,Cable Skull Crusher,292a95e2-2a0e-4292-87b4-274c8cbdca5c,135.00,16.25,20.58
2022-02,Chest Supported Incline Row (Dumbbell),914F3A96,120.00,12.00,16.00
2022-02,Concentration Curl,724CDE60,100.00,12.50,15.83
2022-02,Deadlift (Barbell),C6272009,800.00,100.00,120.00
2022-02,Deadlift (Trap bar),B923B230,800.00,120.00,140.00
2022-02,Face Pull,BE640BA0,356.25,23.75,35.63
2022-02,Front Raise (Dumbbell),8293E554,120.00,8.00,12.00
2022-02,Glute Kickback (Machine),CBA02382,206.25,18.75,22.75
2022-02,Good Morning (Barbell),4180C405,160.00,20.00,25.33
2022-02,Hammer Curl (Dumbbell),7E3BC8B6,240.00,20.00,28.00
2022-02,Hip Thrust (Barbell),D57C2EC7,1100.00,140.00,163.33
2022-02,Incline Bench Press (Barbell),50DFDFAB,600.00,80.00,96.00
2022-02,Isolated Bicep Curl,5394fbc4-5d1c-404e-a662-41af1591ce0e,120.00,15.00,19.00
2022-02,Lat Pulldown (Cable),6A6C31A5,980.00,98.00,130.67
2022-02,Lat Pulldown (Cable) (Behind Neck),b6c21f5b-4dc1-483d-825a-7cfa4bfeb7e2,732.00,61.00,85.40
2022-02,Lateral Raise (Cable),BE289E45,75.00,6.25,8.75
2022-02,Lateral Raise (Dumbbell),422B08F1,120.00,8.00,12.00
2022-02,Leg Extension (Machine),75A4F6C4,828.00,69.00,96.60
2022-02,Leg Press (Machine),C7973E0E,5500.00,355.00,458.33
2022-02,Overhead Press (Barbell),7B8D84E8,344.50,45.00,51.00
2022-02,Overhead Press (Dumbbell),6AC96645,220.00,20.00,27.33
2022-02,Overhead Single Arm Tricep Extension,625d5662-f470-4980-8c81-ac7e56318754,120.00,10.00,14.00
2022-02,Pinch Grip Curl,85c02605-a63d-4f0c-998d-65ad80af654e,210.00,17.50,24.50
2022-02,Pull Up (Assisted),2C37EC5E,480.00,60.00,76.00
2022-02,Pullover (Machine),B123DD01,325.00,18.75,27.50
2022-02,Rear Delt Extensions,ed34caff-4682-4259-ab1e-0db1c3597fe4,120.00,8.00,12.00
2022-02,Rear Delt Reverse Fly (Machine),D8281C62,540.00,54.00,68.40
2022-02,Reverse Grip Lat Pulldown (Cable),046E25A2,700.00,70.00,93.33
2022-02,Romanian Deadlift (Dumbbell),72CFFAD5,270.00,22.50,31.50
2022-02,Seated Cable Row - V Grip (Cable),0393F233,980.00,79.00,105.33
2022-02,Seated Dumbbell Deadlift,021d8a9a-7d95-41e1-bf3d-1ab4ad1d6cc7,240.00,20.00,28.00
2022-02,Seated Incline Curl (Dumbbell),8BAB2735,120.00,10.00,14.00
2022-02,Seated Leg Curl (Machine),11A123F3,828.00,69.00,96.60
2022-02,Seated Tricep Extensions (Dumbbell),3f6150ac-f51f-40a8-8e1f-435798db8375,96.00,10.00,12.67
2022-02,Shoulder Press (Dumbbell),878CD1D0,220.00,20.00,27.33
2022-02,Single Arm Horizontal Cable Lat Pull,71f8cbc3-e8a5-490b-8742-fb47dcba8e0a,105.00,8.75,12.25
2022-02,Squat (Barbell),D04AC939,720.00,120.00,128.00
2022-02,Standing Calf Raise (Smith Machine),90d36892-390d-4868-939f-15511ed2aa6f,1500.00,110.00,154.00
2022-02,Triceps Dip (Assisted),4B4BF8C2,550.00,55.00,73.33
2022-02,Triceps Pushdown,93A552C6,337.50,41.25,49.50
2022-02,Triceps Pushdown (Cable - Rope),9635a015-e485-4e54-a0cf-29ad5e85e0fa,318.75,21.25,31.88
2022-03,Bench Press (Dumbbell),3601968B,292.50,35.00,43.17
2022-03,Bent Over Row (Barbell),55E6546F,720.00,77.00,94.97
2022-03,Bicep Curl (Barbell),A5AC6449,318.00,30.00,40.00
2022-03,Bicep Curl (Barbell) (Overhand),d0a73700-1655-4f31-9174-a6247632e7f7,192.50,27.50,33.92
2022-03,Bicep Curl (Barbell) (Wide Grip),7c75e48a-9fd9-41d1-a1c1-42af6c1547f4,220.00,27.50,34.83
2022-03,Bicep Curl (Dumbbell),37FCC2BB,120.00,15.00,16.50
2022-03,Bulgarian Split Squat,B5D3A742,80.00,15.00,17.50
2022-03,Butterfly (Pec Deck),9DCE2D64,616.00,77.00,97.53
2022-03,Cable External Rotation,298bcdae-a8f2-42eb-8050-6f18f4ebfaf5,45.00,3.75,5.25
2022-03,Cable Hip Abduction,2c7e07a9-9bf4-4512-950d-20952937de8c,45.00,5.00,6.33
2022-03,Cable Kickback,9979dffd-f7b0-4a2d-ab21-3cf9eef05fa1,75.00,6.25,8.75
2022-03,Deadlift (Barbell),C6272009,798.00,140.00,163.33
2022-03,Dumbbell Row,F1E57334,360.00,30.00,42.00
2022-03,Face Pull,BE640BA0,285.00,23.75,33.25
2022-03,Frog Thrusts,7835d15c-20a7-4e9f-aa5c-0e307ebf28bb,300.00,30.00,40.00
2022-03,Front Raise (Dumbbell),8293E554,90.00,10.00,12.33
2022-03,Glute Kickback (Machine),CBA02382,168.75,23.75,29.29
2022-03,Hammer Curl (Dumbbell),7E3BC8B6,200.00,20.00,25.33
2022-03,Incline Bench Press (Dumbbell),07B38369,150.00,25.00,30.00
2022-03,Incline Dumbbell Overhead Extensions,e29ac341-972c-4883-9932-a182ad358ddb,192.00,16.00,22.40
2022-03,Kettlebell Goblet Squat,A127DA73,280.00,35.00,44.33
2022-03,Kneeling Face Pull (Cable),91c3eea0-17dc-42d3-876d-ac725d820021,285.00,28.75,36.42
2022-03,Kneeling Single Lat Pulldown,0156c331-d2ba-418a-87d3-9fecb059a65b,285.00,23.75,33.25
2022-03,Lat Pulldown (Cable),6A6C31A5,686.00,98.00,120.87
2022-03,Lateral Raise (Dumbbell),422B08F1,100.00,10.00,13.33
2022-03,Overhand Barbell Curl,a1e97721-21e9-45d2-9956-56ead04b8150,220.00,27.50,34.83
2022-03,Overhand Dumbbell Curl,45abf1e5-ea1a-483c-8733-c6e0d927c21c,80.00,10.00,12.67
2022-03,Overhead Press (Barbell),7B8D84E8,160.00,20.00,25.33
2022-03,Overhead Press (Dumbbell),6AC96645,240.00,20.00,28.00
2022-03,Pull Up (Assisted),2C37EC5E,250.00,55.00,62.33
2022-03,Pullover (Dumbbell),67280085,150.00,15.00,20.00
2022-03,Rear Delt Extensions,ed34caff-4682-4259-ab1e-0db1c3597fe4,90.00,10.00,12.33
2022-03,Reverse Grip Lat Pulldown (Cable),046E25A2,840.00,79.00,100.07
2022-03,Romanian Deadlift (Dumbbell),72CFFAD5,200.00,25.00,31.67
2022-03,Seated Bicep Curl (Dumbbell),ba15b8a7-ae04-41db-a22f-23f84aa9ca48,90.00,15.00,18.00
2022-03,Seated Cable Row - V Grip (Cable),0393F233,5530.00,79.00,263.33
2022-03,Seated Tricep Extensions (Dumbbell),3f6150ac-f51f-40a8-8e1f-435798db8375,80.00,10.00,12.67
2022-03,Shoulder Press (Dumbbell),878CD1D0,200.00,25.00,28.50
2022-03,Shrug (Dumbbell),ABEC557F,450.00,35.00,49.00
2022-03,Squat (Barbell),D04AC939,550.00,120.00,132.00
2022-03,Standing Calf Raise (Dumbbell),6DA40660,390.00,30.00,43.00
2022-03,Standing Calf Raise (Smith Machine),90d36892-390d-4868-939f-15511ed2aa6f,1200.00,100.00,140.00
2022-04,Back Extension (Weighted Hyperextension),091737FA,160.00,20.00,25.33
2022-04,Bench Press (Barbell),79D0BB3A,490.00,80.00,93.33
2022-04,Bench Press (Dumbbell),3601968B,330.00,37.50,44.33
2022-04,Bent Over Row (Barbell),55E6546F,900.00,60.00,90.00
2022-04,Bicep Curl (Barbell),A5AC6449,300.00,30.00,40.00
2022-04,Butterfly (Pec Deck),9DCE2D64,924.00,87.00,107.80
2022-04,Cable Crossover (High),bf83e68e-b6a0-47ca-aa48-68b048950e59,150.00,15.00,20.00
2022-04,Cable Hip Abduction,2c7e07a9-9bf4-4512-950d-20952937de8c,62.50,6.25,8.33
2022-04,Cable Kickback,9979dffd-f7b0-4a2d-ab21-3cf9eef05fa1,40.00,5.00,6.33
2022-04,Cable Pull Through,8C331CD8,210.00,26.25,33.25
2022-04,Chest Supported Incline Row (Dumbbell),914F3A96,260.00,20.00,28.67
2022-04,Crunch (Machine),EB43ADD4,150.00,10.00,15.00
2022-04,Deadlift (Barbell),C6272009,700.00,140.00,163.33
2022-04,Face Pull,BE640BA0,112.50,11.25,15.00
2022-04,Glute Drive (Hip Thrust) Machine,16990248-5131-4341-86c7-255c5dbb2d41,450.00,50.00,65.00
2022-04,Glute Kickback (Machine),CBA02382,187.50,18.75,25.00
2022-04,Hack Squat (Machine),1E42FD5F,488.00,97.60,113.87
2022-04,Hammer Curl (Dumbbell),7E3BC8B6,50.00,6.00,7.60
2022-04,Hip Abduction (Machine),F4B4C6EE,1708.00,82.00,117.93
2022-04,Hip Adduction (Machine),8BEBFED6,1890.00,103.00,154.50
2022-04,Incline Bench Press (Barbell),50DFDFAB,420.00,90.00,96.00
2022-04,Incline Bench Press (Dumbbell),07B38369,216.00,25.00,31.20
2022-04,Incline Cable Fly,9d48c06f-fb01-45ff-bcf9-5a96f13637d9,87.50,8.75,11.67
2022-04,Incline Chest Press (Machine),FBF92739,372.40,53.20,65.61
2022-04,Incline Single Lat Pulldown,5f34e181-902f-48ec-b1bc-ccde81347462,308.75,23.75,34.04
2022-04,Isolated Bicep Curl,5394fbc4-5d1c-404e-a662-41af1591ce0e,112.00,8.00,11.73
2022-04,Kneeling Face Pull (Cable),91c3eea0-17dc-42d3-876d-ac725d820021,431.25,32.50,43.13
2022-04,Kneeling Single Lat Pulldown,0156c331-d2ba-418a-87d3-9fecb059a65b,475.00,23.75,39.58
2022-04,Lat Pulldown (Cable),6A6C31A5,520.00,52.00,69.33
2022-04,Lat Pulldown (Machine),473CF5B8,820.00,89.00,112.73
2022-04,Lateral Raise (Band),DF200976,25.00,2.50,3.33
2022-04,Lateral Raise (Cable),BE289E45,50.00,6.26,7.92
2022-04,Lateral Raise (Dumbbell),422B08F1,80.00,8.00,10.67
2022-04,Leg Extension (Machine),75A4F6C4,1920.00,160.00,224.00
2022-04,Overhand Barbell Curl,a1e97721-21e9-45d2-9956-56ead04b8150,200.00,25.00,31.67
2022-04,Overhead Press (Dumbbell),6AC96645,180.00,15.00,21.00
2022-04,Pull Up (Assisted),2C37EC5E,300.00,60.00,70.00
2022-04,Reverse Grip Lat Pulldown (Cable),046E25A2,632.00,79.00,100.07
2022-04,Romanian Deadlift (Barbell),2B4B7310,360.00,60.00,72.00
2022-04,Seated Bicep Curl (Dumbbell),ba15b8a7-ae04-41db-a22f-23f84aa9ca48,100.00,15.00,18.00
2022-04,Seated Cable Row - V Grip (Cable),0393F233,720.00,90.00,108.00
2022-04,Seated Calf Raise,062AB91A,804.00,67.00,93.80
2022-04,Seated Leg Curl (Machine),11A123F3,1020.00,68.00,102.00
2022-04,Seated Tricep Extensions (Dumbbell),3f6150ac-f51f-40a8-8e1f-435798db8375,80.00,10.00,12.67
2022-04,Shoulder Press (Dumbbell),878CD1D0,264.00,25.00,33.33
2022-04,Shrug (Dumbbell),ABEC557F,280.00,35.00,44.33
2022-04,Single Arm Rear Delt Cable Fly,f585c25b-c838-4361-806f-5114c2abf562,56.25,3.75,5.63
2022-04,Squat (Barbell),D04AC939,800.00,120.00,132.00
2022-04,Standing Calf Raise (Smith Machine),90d36892-390d-4868-939f-15511ed2aa6f,1200.00,100.00,140.00
2022-04,T Bar Row,08A2974E,637.20,63.10,77.47
2022-04,Triceps Pushdown (Cable - Rope),9635a015-e485-4e54-a0cf-29ad5e85e0fa,318.75,25.00,32.50
2022-05,Back Extension (Weighted Hyperextension),091737FA,135.00,20.00,23.33
2022-05,Bench Press (Barbell),79D0BB3A,800.00,80.00,101.33
2022-05,Bench Press (Dumbbell),3601968B,250.00,40.00,45.33
2022-05,Bent Over Row (Barbell),55E6546F,900.00,80.00,106.67
2022-05,Bent Over Row (Dumbbell),23E92538,200.00,25.00,31.67
2022-05,Bicep Curl (Barbell),A5AC6449,250.00,17.50,22.17
2022-05,Cable Crunch,23A48484,575.00,28.75,47.92
2022-05,Cable Fly Crossovers,651F844C,187.50,13.75,17.42
2022-05,Cable Hip Abduction,2c7e07a9-9bf4-4512-950d-20952937de8c,45.00,3.75,5.25
2022-05,Cable Hip Abduction,fb246ed6-ed85-4eb5-b511-56e854578944,87.50,6.25,9.17
2022-05,Cable Hip Abduction,cef9a5d1-c715-4cea-9548-6b1712417dad,93.75,8.75,10.50
2022-05,Chest Fly (Dumbbell),12017185,125.00,12.50,16.67
2022-05,Chest Press (Machine),7EB3F7C3,876.00,73.00,102.20
2022-05,Chest Supported Incline Row (Dumbbell),914F3A96,300.00,25.00,33.33
2022-05,Chest Supported Lateral Raise (Dumbbell),e33ee4d5-c8e4-42d6-834d-2bf806a616a3,60.00,5.00,7.00
2022-05,Chest Supported Y Raise Dumbbell,93db9da7-17e3-4749-b1c7-72842b4020c5,60.00,5.00,7.00
2022-05,Deadlift (Barbell),C6272009,700.00,140.00,158.67
2022-05,Deadlift (Dumbbell),5F4E6DD3,200.00,20.00,26.67
2022-05,Dumbbell Row,F1E57334,300.00,30.00,40.00
2022-05,EZ Bar Biceps Curl,01A35BF9,292.50,22.50,32.25
2022-05,Glute Bridge (Barbell),12d39577-cf6f-47bb-9cc0-b2a0a809b5be,720.00,60.00,84.00
2022-05,Glute Kickback (Machine),CBA02382,168.75,13.75,18.33
2022-05,Glute Medius Kickback (Machine),ef0f3ffb-268b-4d61-88f8-0d3c0f4f9c36,175.00,8.75,14.58
2022-05,Good Morning (Barbell),4180C405,280.00,60.00,66.00
2022-05,Hammer Curl (Dumbbell),7E3BC8B6,175.00,10.00,12.67
2022-05,Hip Thrust (Barbell),D57C2EC7,10010.00,80.00,403.67
2022-05,Incline Bench Press (Barbell),50DFDFAB,480.00,60.00,76.00
2022-05,Incline Bench Press (Dumbbell),07B38369,240.00,25.00,30.83
2022-05,Incline Chest Fly (Dumbbell),D3E2AB55,127.50,10.00,13.33
2022-05,Incline Single Lat Pulldown,5f34e181-902f-48ec-b1bc-ccde81347462,285.00,23.75,33.25
2022-05,Lat Pulldown (Cable),6A6C31A5,632.00,98.00,117.60
2022-05,Lateral Raise (Cable),BE289E45,50.00,6.25,7.92
2022-05,Lateral Raise (Dumbbell),422B08F1,120.00,10.00,14.00
2022-05,Leg Extension (Machine),75A4F6C4,1155.00,77.00,115.50
2022-05,Lying Leg Curl (Machine),B8127AD1,270.00,30.00,39.00
2022-05,Lying Triceps Extension (Barbell),d82d0914-bde7-4ad9-a06f-6507d3016cba,192.50,17.50,23.92
2022-05,One Arm Tricep Extension (Dumbbell),8347DFD1,75.00,7.50,9.00
2022-05,Preacher Curl (Barbell),4F942934,180.00,22.50,28.50
2022-05,Pull Up (Assisted),2C37EC5E,560.00,80.00,98.67
2022-05,Pullover (Dumbbell),67280085,180.00,15.00,21.00
2022-05,Reverse Grip Lat Pulldown (Cable),046E25A2,700.00,70.00,93.33
2022-05,Romanian Deadlift (Barbell),2B4B7310,600.00,70.00,88.67
2022-05,Seated Bicep Curl (Dumbbell),ba15b8a7-ae04-41db-a22f-23f84aa9ca48,100.00,15.00,17.50
2022-05,Seated Bicep Curl (Dumbbell),508d25b6-0b1b-4ad2-bac1-09d7a3423082,120.00,10.00,14.00
2022-05,Seated Cable Row - Bar Wide Grip,C3BCABB3,700.00,70.00,93.33
2022-05,Seated Front Raise (Dumbbell),99c4b2e7-eac3-40da-9f23-1f70261dd82a,45.00,7.50,9.00
2022-05,Seated Incline Curl (Dumbbell),8BAB2735,160.00,15.00,19.00
2022-05,Seated Leg Curl (Machine),11A123F3,780.00,68.00,92.93
2022-05,Seated Overhead Press (Dumbbell),9930DF71,245.00,25.00,30.83
2022-05,Seated Shoulder Press (Machine),9237BAD1,210.00,22.50,29.25
2022-05,Seated Tricep Extensions (Dumbbell),3f6150ac-f51f-40a8-8e1f-435798db8375,75.00,12.50,15.00
2022-05,Shoulder Press (Dumbbell),878CD1D0,210.00,25.00,30.00
2022-05,Shrug (Dumbbell),ABEC557F,540.00,45.00,63.00
2022-05,Single Arm Rear Delt Cable Fly,f585c25b-c838-4361-806f-5114c2abf562,56.25,3.75,5.63
2022-05,Squat (Barbell),D04AC939,960.00,130.00,143.00
2022-05,Squat (Barbell) (Hip Glute Dominant),446711c4-e799-460e-8ff8-f35ae3fa795c,300.00,60.00,70.00
2022-05,Standing Cable Glute Kickbacks,ACB2751D,243.75,18.75,26.88
2022-05,Standing Calf Raise (Smith Machine),90d36892-390d-4868-939f-15511ed2aa6f,1500.00,100.00,150.00
2022-05,Terminal Knee Extension,c06faba2-812b-4663-9ece-e2745e83f5d7,131.25,8.75,13.13
2022-05,Triceps Extension (Cable),21310F5F,123.75,13.75,17.88
2022-05,Triceps Pushdown,93A552C6,343.75,26.25,33.25
2022-05,Triceps Pushdown (Cable - Rope),9635a015-e485-4e54-a0cf-29ad5e85e0fa,190.00,23.75,30.08
2022-05,Triceps Rope Pushdown,94B7239B,276.25,23.75,30.88
2022-06,Bench Press (Barbell),79D0BB3A,480.00,60.00,76.00
2022-06,Bench Press (Dumbbell),3601968B,270.00,25.00,33.33
2022-06,Bent Over Row (Barbell),55E6546F,750.00,50.00,75.00
2022-06,Cable Fly Crossovers,651F844C,180.00,20.00,26.00
2022-06,Cable Hip Abduction,fb246ed6-ed85-4eb5-b511-56e854578944,67.50,7.50,9.75
2022-06,Chest Fly (Machine),78683336,610.00,73.00,92.47
2022-06,Chest Press (Machine),7EB3F7C3,846.00,83.20,99.84
2022-06,Deadlift (Barbell),C6272009,720.00,80.00,98.67
2022-06,Dumbbell Row,F1E57334,330.00,27.50,38.50
2022-06,EZ Bar Biceps Curl,01A35BF9,315.00,22.50,33.00
2022-06,Glute Kickback (Machine),CBA02382,217.60,18.10,24.13
2022-06,Hip Thrust (Barbell),D57C2EC7,700.00,50.00,73.33
2022-06,Hip Thrust (Machine),f7797add-43b8-46e8-a04c-6d02d353f551,880.00,80.00,109.33
2022-06,Incline Bench Press (Barbell),50DFDFAB,660.00,70.00,82.00
2022-06,Incline Bench Press (Dumbbell),07B38369,300.00,27.50,35.75
2022-06,Lat Pulldown (Cable),6A6C31A5,708.00,87.00,100.07
2022-06,Lateral Raise (Cable),BE289E45,75.00,7.50,9.00
2022-06,Lateral Raise (Dumbbell),422B08F1,128.00,10.00,14.00
2022-06,Leg Extension (Machine),75A4F6C4,1106.00,86.00,120.40
2022-06,Low Cable Fly Crossovers,293483AD,135.00,15.00,19.50
2022-06,Lying Triceps Extension (Barbell),d82d0914-bde7-4ad9-a06f-6507d3016cba,210.00,17.50,24.50
2022-06,Preacher Curl (Barbell),4F942934,187.50,22.50,28.50
2022-06,Reverse Grip Lat Pulldown (Cable),046E25A2,670.00,67.00,89.33
2022-06,Romanian Deadlift (Barbell),2B4B7310,560.00,70.00,88.67
2022-06,Seated Cable Row - Bar Wide Grip,C3BCABB3,741.00,67.50,81.70
2022-06,Seated Incline Curl (Dumbbell),8BAB2735,125.00,15.00,18.00
2022-06,Seated Leg Curl (Machine),11A123F3,990.00,79.00,100.07
2022-06,Seated Overhead Press (Dumbbell),9930DF71,240.00,25.00,31.67
2022-06,Seated Shoulder Press (Machine),9237BAD1,479.60,43.60,59.59
2022-06,Shrug (Dumbbell),ABEC557F,600.00,45.00,63.00
2022-06,Single Arm Cable Row,D0C4A899,262.50,20.00,28.67
2022-06,Squat (Barbell),D04AC939,800.00,100.00,116.67
2022-06,Standing Cable Glute Kickbacks,ACB2751D,210.00,17.50,24.50
2022-06,Triceps Rope Pushdown,94B7239B,308.75,25.00,34.04
2022-07,Back Extension (Weighted Hyperextension),091737FA,150.00,15.00,20.00
2022-07,Bench Press (Dumbbell),3601968B,200.00,20.00,26.67
2022-07,Bent Over Row (Barbell),55E6546F,1080.00,90.00,120.00
2022-07,Cable Fly Crossovers,651F844C,112.50,8.75,12.25
2022-07,Cable Hip Abduction,fb246ed6-ed85-4eb5-b511-56e854578944,75.00,7.50,9.25
2022-07,Chest Press (Machine),7EB3F7C3,846.00,86.40,100.80
2022-07,Dumbbell Row,F1E57334,330.00,27.50,38.50
2022-07,Face Pull,BE640BA0,227.50,17.50,25.08
2022-07,Glute Kickback (Machine),CBA02382,220.44,18.37,25.72
2022-07,Hammer Curl (Dumbbell),7E3BC8B6,100.00,10.00,13.33
2022-07,Hip Abduction (Machine),F4B4C6EE,940.00,82.00,101.13
2022-07,Incline Bench Press (Barbell),50DFDFAB,720.00,80.00,88.00
2022-07,Iso-Lateral Horizontal Bench Press (Machine),a7571930-775c-4e66-bd6e-1cec4a0bd66c,698.40,68.20,81.84
2022-07,Lat Pulldown (Cable),6A6C31A5,700.00,77.00,97.53
2022-07,Lat Pulldown (Machine),473CF5B8,728.00,52.00,76.27
2022-07,Lateral Raise (Cable),BE289E45,35.00,5.00,6.17
2022-07,Lateral Raise (Dumbbell),422B08F1,80.00,8.00,10.67
2022-07,Lateral Raise (Machine),D5D0354D,195.00,13.00,19.50
2022-07,Low Cable Fly Crossovers,293483AD,56.25,6.25,8.13
2022-07,Preacher Curl (Barbell),4F942934,262.50,17.50,26.25
2022-07,Preacher Curl (Machine),1E9A6B8E,506.00,46.00,62.87
2022-07,Reverse Grip Lat Pulldown (Cable),046E25A2,720.00,70.00,89.33
2022-07,Romanian Deadlift (Barbell),2B4B7310,480.00,60.00,76.00
2022-07,Seated Cable Row - Bar Wide Grip,C3BCABB3,720.00,60.00,84.00
2022-07,Seated Incline Bicep Curl (Dumbbell),887acff5-9af0-4fc7-a3e6-009717779983,80.00,10.00,12.67
2022-07,Seated Leg Curl (Machine),11A123F3,860.00,86.00,114.67
2022-07,Seated Overhead Press (Dumbbell),9930DF71,240.00,27.50,32.08
2022-07,Seated Shoulder Press (Machine),9237BAD1,636.00,63.60,84.80
2022-07,Shoulder Press (Dumbbell),878CD1D0,250.00,20.00,28.00
2022-07,Shrug (Dumbbell),ABEC557F,540.00,45.00,63.00
2022-07,Single Arm Cable Row,D0C4A899,300.00,27.50,36.67
2022-07,Single Arm Lat Pulldown,2EE45F81,280.00,40.00,49.33
2022-07,Single Leg Press (Machine) (Heel) (Glutes),24c8a284-df46-45d3-940b-a66d1ae6ef02,702.00,39.00,62.40
2022-07,Squat (Barbell),D04AC939,600.00,120.00,132.00
2022-07,Standing Cable Glute Kickbacks,ACB2751D,300.00,20.00,30.00
2022-07,T Bar Row,08A2974E,646.50,78.10,88.51
2022-07,Triceps Dip (Assisted),4B4BF8C2,408.00,68.00,81.60
2022-07,Triceps Rope Pushdown,94B7239B,240.00,25.00,31.67
2022-08,Bent Over Row (Barbell),55E6546F,600.00,60.00,80.00
2022-08,Cable Fly Crossovers,651F844C,130.00,12.50,15.42
2022-08,Chest Fly (Machine),78683336,750.00,75.00,100.00
2022-08,Dumbbell Row,F1E57334,330.00,27.50,38.50
2022-08,Glute Kickback (Machine),CBA02382,238.81,18.37,26.33
2022-08,Hip Abduction (Machine),F4B4C6EE,1476.00,82.00,131.20
2022-08,Incline Bench Press (Dumbbell),07B38369,270.00,30.00,39.00
2022-08,Iso-Lateral Chest Press (Machine),24706DCD,483.00,52.20,66.12
2022-08,Iso-Lateral High Row (Machine),BC3492DA,865.30,50.90,79.74
2022-08,Iso-Lateral Horizontal Bench Press (Machine),a7571930-775c-4e66-bd6e-1cec4a0bd66c,682.00,68.20,90.93
2022-08,Lat Pulldown (Cable),6A6C31A5,804.00,79.00,102.70
2022-08,Lateral Raise (Cable),BE289E45,50.00,5.00,6.67
2022-08,Lateral Raise (Machine),D5D0354D,195.00,15.50,21.70
2022-08,Leg Extension (Machine),75A4F6C4,1068.00,110.00,135.67
2022-08,Reverse Grip Lat Pulldown (Cable),046E25A2,885.00,65.00,88.50
2022-08,Romanian Deadlift (Barbell),2B4B7310,540.00,60.00,78.00
2022-08,Seated Cable Row - Bar Wide Grip,C3BCABB3,660.00,57.50,77.90
2022-08,Seated Incline Bicep Curl (Dumbbell),887acff5-9af0-4fc7-a3e6-009717779983,130.00,10.00,14.33
2022-08,Seated Leg Curl (Machine),11A123F3,946.00,86.00,117.53
2022-08,Shoulder Press (Dumbbell),878CD1D0,300.00,25.00,31.67
2022-08,Single Arm Cable Row,D0C4A899,300.00,30.00,40.00
2022-08,Single Arm Lat Pulldown,2EE45F81,300.00,30.00,39.00
2022-08,Single Leg Press (Machine) (Heel) (Glutes),24c8a284-df46-45d3-940b-a66d1ae6ef02,675.00,45.00,67.50
2022-08,Squat (Barbell),D04AC939,640.00,120.00,136.00
2022-08,Squat (Barbell) (Hip Glute Dominant),446711c4-e799-460e-8ff8-f35ae3fa795c,420.00,60.00,74.00
2022-08,Triceps Rope Pushdown,94B7239B,252.00,21.00,29.40
2022-09,Hip Thrust (Barbell),D57C2EC7,480.00,60.00,76.00
2022-09,Lying Leg Curl (Machine),B8127AD1,371.00,53.00,65.37
2022-09,Romanian Deadlift (Dumbbell),72CFFAD5,96.00,16.00,19.20
2022-09,Squat (Barbell),D04AC939,480.00,60.00,76.00
2022-10,Cable Side Rotators,c95cbe7e-0fda-4192-8d04-98e6c023fe0f,30.00,2.50,3.50
2022-10,Hip Abduction (Machine),F4B4C6EE,1125.00,90.00,123.00
2022-10,Hip Adduction (Machine),8BEBFED6,720.00,90.00,114.00
2022-10,Hip Thrust (Barbell),D57C2EC7,480.00,60.00,76.00
2022-10,Iso-Lateral Chest Press (Machine),24706DCD,633.00,42.20,63.30
2022-10,Iso-Lateral Row (Machine),AA1EB7D8,326.40,27.20,38.08
2022-10,Lat Pulldown (Cable),6A6C31A5,630.00,57.50,73.50
2022-10,Leg Press (Machine),C7973E0E,1155.00,165.00,203.50
2022-10,Lying Leg Curl (Machine),B8127AD1,560.00,70.00,88.67
2022-10,Reverse Grip Lat Pulldown (Cable),046E25A2,500.00,50.00,66.67
2022-10,Romanian Deadlift (Barbell),2B4B7310,100.00,20.00,23.33
2022-10,Romanian Deadlift (Dumbbell),72CFFAD5,40.00,10.00,11.33
2022-10,Seated Cable Row - Bar Wide Grip,C3BCABB3,320.00,40.00,50.67
2022-10,Seated Calf Raise,062AB91A,840.00,70.00,98.00
2022-10,Seated Incline Bicep Curl (Dumbbell),887acff5-9af0-4fc7-a3e6-009717779983,90.00,9.00,12.00
2022-10,Seated Leg Curl (Machine),11A123F3,700.00,70.00,93.33
2022-10,Seated Shoulder Press (Machine),9237BAD1,81.60,6.80,9.52
2022-10,Shoulder Press (Dumbbell),878CD1D0,180.00,15.00,21.00
2022-10,Single Arm Cable Row,D0C4A899,160.00,20.00,25.33
2022-10,Squat (Barbell),D04AC939,480.00,60.00,72.00
2022-10,Triceps Rope Pushdown,94B7239B,160.00,20.00,25.33
2022-11,Bench Press (Dumbbell),3601968B,225.00,25.00,30.83
2022-11,Cable Fly Crossovers,651F844C,75.00,7.50,10.00
2022-11,Chest Press (Machine),7EB3F7C3,676.80,56.40,78.96
2022-11,Incline Bench Press (Dumbbell),07B38369,140.00,17.50,22.17
2022-11,Lateral Raise (Dumbbell),422B08F1,48.00,4.00,5.60
2022-11,Seated Shoulder Press (Machine),9237BAD1,283.20,23.60,33.04
2022-11,Shoulder Press (Dumbbell),878CD1D0,1912.50,20.00,76.25
2022-11,Tricep Extension (Cable) (Bar),537fc224-159c-4ecd-a7c0-a1fd98d33f23,112.50,10.00,13.67
2022-11,Triceps Extension (Cable),21310F5F,60.00,7.50,9.50
2022-12,Bench Press (Barbell),79D0BB3A,600.00,60.00,80.00
2022-12,Bicep Curl (Dumbbell),37FCC2BB,90.00,7.50,10.50
2022-12,Cable Fly Crossovers,651F844C,68.00,6.80,9.07
2022-12,Chest Fly (Machine),78683336,420.00,70.00,84.00
2022-12,Chest Press (Machine),7EB3F7C3,846.00,76.40,92.96
2022-12,Delt Machine,3d5e7faa-a59d-4c61-b888-f6341250c7f6,240.00,20.00,28.00
2022-12,EZ Bar Biceps Curl,01A35BF9,240.00,30.00,38.00
2022-12,Hammer Curl (Dumbbell),7E3BC8B6,96.00,8.00,11.20
2022-12,Hip Abduction (Machine),F4B4C6EE,1200.00,90.00,124.67
2022-12,Hip Adduction (Machine),8BEBFED6,680.00,85.00,107.67
2022-12,Incline Bench Press (Barbell),50DFDFAB,400.00,50.00,63.33
2022-12,Incline Bench Press (Dumbbell),07B38369,225.00,30.00,35.00
2022-12,Iso-Lateral Horizontal Bench Press (Machine),a7571930-775c-4e66-bd6e-1cec4a0bd66c,441.00,49.00,63.70
2022-12,Lat Pulldown (Cable),6A6C31A5,570.00,77.00,92.50
2022-12,Lateral Raise (Dumbbell),422B08F1,60.00,4.00,6.00
2022-12,Leg Extension (Machine),75A4F6C4,1200.00,120.00,156.00
2022-12,Rear Delt Reverse Fly (Machine),D8281C62,480.00,40.00,56.00
2022-12,Reverse Grip Lat Pulldown (Cable),046E25A2,611.00,55.00,73.33
2022-12,Romanian Deadlift (Barbell),2B4B7310,240.00,30.00,38.00
2022-12,Seated Cable Row - Bar Wide Grip,C3BCABB3,480.00,45.00,58.50
2022-12,Seated Leg Curl (Machine),11A123F3,1050.00,95.00,120.33
2022-12,Seated Palms Up Wrist Curl,1006DF48,150.00,10.00,15.00
2022-12,Seated Shoulder Press (Machine),9237BAD1,448.50,40.80,49.45
2022-12,Shoulder Press (Dumbbell),878CD1D0,150.00,15.00,20.00
2022-12,Single Arm Cable Row,D0C4A899,190.00,19.00,25.33
2022-12,Single Leg Press (Machine) (Heel) (Glutes),24c8a284-df46-45d3-940b-a66d1ae6ef02,180.00,15.00,21.00
2022-12,Skullcrusher (Barbell),875F585F,160.00,20.00,25.33
2022-12,Squat (Barbell),D04AC939,560.00,60.00,74.00
2022-12,Triceps Dip (Assisted),4B4BF8C2,408.00,68.00,81.60
2022-12,Triceps Extension (Cable),21310F5F,150.00,15.00,20.00
2022-12,Triceps Rope Pushdown,94B7239B,210.00,30.00,37.00
2023-01,Bench Press (Barbell),79D0BB3A,720.00,80.00,90.67
2023-01,Bench Press (Dumbbell),3601968B,200.00,25.00,31.67
2023-01,Bent Over Row (Barbell),55E6546F,600.00,60.00,80.00
2023-01,Cable Fly Crossovers,651F844C,70.00,10.00,12.33
2023-01,Chest Supported Level Row,3e77d103-2e4e-4eac-9803-b3344d0db69d,558.00,60.80,74.99
2023-01,Hip Abduction (Machine),F4B4C6EE,1080.00,90.00,126.00
2023-01,Hip Adduction (Machine),8BEBFED6,850.00,90.00,114.00
2023-01,Hip Thrust (Barbell),D57C2EC7,490.00,90.00,105.00
2023-01,Incline Bench Press (Dumbbell),07B38369,270.00,30.00,39.00
2023-01,Lat Pulldown (Cable),6A6C31A5,550.00,57.50,70.92
2023-01,Lateral Raise (Cable),BE289E45,35.00,5.00,6.17
2023-01,Lateral Raise (Dumbbell),422B08F1,75.00,6.00,8.40
2023-01,Reverse Grip Lat Pulldown (Cable),046E25A2,500.00,55.00,69.67
2023-01,Romanian Deadlift (Barbell),2B4B7310,240.00,40.00,45.33
2023-01,Seated Cable Row - Bar Wide Grip,C3BCABB3,320.00,40.00,50.67
2023-01,Seated Incline Bicep Curl (Dumbbell),887acff5-9af0-4fc7-a3e6-009717779983,96.00,9.00,11.40
2023-01,Seated Leg Curl (Machine),11A123F3,700.00,90.00,108.00
2023-01,Seated Shoulder Press (Machine),9237BAD1,414.00,47.00,59.53
2023-01,Shoulder Press (Dumbbell),878CD1D0,240.00,17.50,23.33
2023-01,Single Arm Cable Row,D0C4A899,200.00,20.00,26.67
2023-01,Single Arm Lat Pulldown,2EE45F81,245.00,35.00,43.17
2023-01,Squat (Barbell),D04AC939,640.00,100.00,110.00
2023-01,Standing Cable Glute Kickbacks,ACB2751D,68.00,9.10,11.22
2023-01,Triceps Extension (Cable),21310F5F,150.00,15.00,20.00
2023-01,Triceps Rope Pushdown,94B7239B,175.00,17.50,23.33
2023-02,Cable Fly Crossovers,651F844C,60.00,7.50,9.50
2023-02,Chest Supported Level Row,3e77d103-2e4e-4eac-9803-b3344d0db69d,608.00,65.80,81.07
2023-02,Hip Abduction (Machine),F4B4C6EE,900.00,90.00,120.00
2023-02,Hip Adduction (Machine),8BEBFED6,1020.00,85.00,119.00
2023-02,Incline Bench Press (Dumbbell),07B38369,200.00,30.00,35.00
2023-02,Lat Pulldown (Cable),6A6C31A5,660.00,65.00,82.33
2023-02,Lateral Raise (Dumbbell),422B08F1,52.00,4.00,5.73
2023-02,Leg Extension (Machine),75A4F6C4,1100.00,120.00,148.00
2023-02,Low Cable Fly Crossovers,293483AD,40.00,5.00,6.33
2023-02,Reverse Grip Lat Pulldown (Cable),046E25A2,500.00,50.00,66.67
2023-02,Romanian Deadlift (Barbell),2B4B7310,240.00,30.00,38.00
2023-02,Seated Cable Row - Bar Wide Grip,C3BCABB3,385.00,40.00,52.00
2023-02,Seated Incline Bicep Curl (Dumbbell),887acff5-9af0-4fc7-a3e6-009717779983,81.00,9.00,11.70
2023-02,Seated Leg Curl (Machine),11A123F3,640.00,90.00,108.00
2023-02,Shoulder Press (Dumbbell),878CD1D0,150.00,10.00,15.00
2023-02,Single Arm Cable Row,D0C4A899,200.00,20.00,26.67
2023-02,Triceps Extension (Cable),21310F5F,45.00,5.00,6.50
2023-02,Triceps Rope Pushdown,94B7239B,140.00,17.50,22.17
2023-05,Bent Over Row (Barbell),55E6546F,600.00,60.00,80.00
2023-05,Bicep Curl (Dumbbell),37FCC2BB,56.00,7.00,8.87
2023-05,Cable Fly Crossovers,651F844C,75.00,7.50,10.00
2023-05,Chest Fly (Machine),78683336,480.00,40.00,56.00
2023-05,Chest Press (Machine),7EB3F7C3,916.80,76.40,106.96
2023-05,Decline Bench Press (Machine),FAF31231,492.00,41.00,57.40
2023-05,Hip Abduction (Machine),F4B4C6EE,840.00,80.00,104.00
2023-05,Hip Adduction (Machine),8BEBFED6,780.00,75.00,100.00
2023-05,Hip Thrust (Machine),f7797add-43b8-46e8-a04c-6d02d353f551,881.00,88.10,117.47
2023-05,Incline Bench Press (Dumbbell),07B38369,300.00,27.50,35.00
2023-05,Iso-Lateral Chest Press (Machine),24706DCD,696.00,56.40,73.32
2023-05,Lat Pulldown (Cable),6A6C31A5,600.00,65.00,78.00
2023-05,Lateral Raise (Cable),BE289E45,30.00,5.00,6.00
2023-05,Lateral Raise (Dumbbell),422B08F1,56.00,7.00,8.87
2023-05,Leg Extension (Machine),75A4F6C4,1100.00,100.00,136.67
2023-05,Overhead Press (Barbell),7B8D84E8,300.00,35.00,44.33
2023-05,Reverse Grip Lat Pulldown (Cable),046E25A2,540.00,50.00,63.33
2023-05,Romanian Deadlift (Barbell),2B4B7310,400.00,40.00,53.33
2023-05,Seated Cable Row - Bar Grip,F1D60854,600.00,50.00,70.00
2023-05,Seated Cable Row - Bar Wide Grip,C3BCABB3,480.00,45.00,57.00
2023-05,Seated Incline Bicep Curl (Dumbbell),887acff5-9af0-4fc7-a3e6-009717779983,80.00,10.00,12.67
2023-05,Seated Leg Curl (Machine),11A123F3,708.00,59.00,82.60
2023-05,Shoulder Press (Dumbbell),878CD1D0,120.00,8.00,12.00
2023-05,Single Arm Cable Row,D0C4A899,200.00,20.00,26.67
2023-05,Triceps Rope Pushdown,94B7239B,187.50,17.50,21.00
2023-11,Cable Fly Crossovers,651F844C,70.00,10.00,12.33
2023-11,Chest Press (Machine),7EB3F7C3,676.80,76.40,91.68
2023-11,Decline Bench Press (Machine),FAF31231,612.00,51.00,71.40
2023-11,Incline Bench Press (Dumbbell),07B38369,275.00,27.50,34.17
2023-11,Lat Pulldown (Cable),6A6C31A5,550.00,55.00,73.33
2023-11,Reverse Grip Lat Pulldown (Cable),046E25A2,480.00,50.00,63.33
2023-11,Seated Cable Row - Bar Wide Grip,C3BCABB3,450.00,45.00,60.00
2023-11,Seated Incline Bicep Curl (Dumbbell),887acff5-9af0-4fc7-a3e6-009717779983,72.00,10.00,12.33
2023-11,Seated Lateral Raise (Dumbbell),9372FFAA,72.00,8.00,10.40
2023-11,Seated Shoulder Press (Machine),9237BAD1,268.80,33.60,42.56
2023-11,Shoulder Press (Dumbbell),878CD1D0,150.00,12.50,17.50
2023-11,Single Arm Cable Row,D0C4A899,195.00,15.00,21.50
2023-11,Single Arm Lateral Raise (Cable),DE68C825,35.00,5.00,6.17
2023-11,Triceps Rope Pushdown,94B7239B,165.00,15.00,20.50
2024-01,Cable Fly Crossovers,651F844C,80.00,10.00,12.67
2024-01,Chest Fly (Machine),78683336,480.00,40.00,56.00
2024-01,Chest Supported Level Row,3e77d103-2e4e-4eac-9803-b3344d0db69d,549.60,60.80,74.99
2024-01,Decline Bench Press (Machine),FAF31231,645.00,53.00,70.67
2024-01,Incline Bench Press (Dumbbell),07B38369,300.00,25.00,35.00
2024-01,Iso-Lateral Chest Press (Machine),24706DCD,835.20,56.40,75.20
2024-01,Lat Pulldown (Cable),6A6C31A5,350.00,55.00,66.00
2024-01,Reverse Grip Lat Pulldown (Cable),046E25A2,360.00,40.00,50.67
2024-01,Seated Cable Row - Bar Wide Grip,C3BCABB3,660.00,55.00,77.00
2024-01,Seated Incline Bicep Curl (Dumbbell),887acff5-9af0-4fc7-a3e6-009717779983,81.00,9.00,11.70
2024-01,Seated Lateral Raise (Dumbbell),9372FFAA,72.00,8.00,10.40
2024-01,Seated Shoulder Press (Machine),9237BAD1,375.20,53.60,66.11
2024-01,Shoulder Press (Dumbbell),878CD1D0,150.00,15.00,20.00
2024-01,Single Arm Cable Row,D0C4A899,137.90,19.70,24.30
2024-01,Single Arm Lateral Raise (Cable),DE68C825,35.00,5.00,6.17
2024-01,Triceps Rope Pushdown,94B7239B,180.00,15.00,21.00
2024-02,Bench Press (Barbell),79D0BB3A,750.00,80.00,85.33
2024-02,Bent Over Cable Fly,3a3a9afc-dfb2-438c-b364-4ed846167387,90.00,7.50,10.50
2024-02,Cable Fly Crossovers,651F844C,80.00,10.00,12.67
2024-02,Chest Supported Level Row,3e77d103-2e4e-4eac-9803-b3344d0db69d,669.60,55.80,78.12
2024-02,Decline Bench Press (Machine),FAF31231,636.00,53.00,74.20
2024-02,Dumbbell Row,F1E57334,375.00,30.00,42.00
2024-02,Hip Abduction (Machine),F4B4C6EE,840.00,70.00,98.00
2024-02,Hip Thrust (Machine),f7797add-43b8-46e8-a04c-6d02d353f551,697.20,58.10,81.34
2024-02,Incline Bench Press (Barbell),50DFDFAB,500.00,50.00,66.67
2024-02,Incline Bench Press (Dumbbell),07B38369,440.00,60.00,70.00
2024-02,Incline Chest Press (Machine),FBF92739,315.60,52.60,63.12
2024-02,Lat Pulldown (Cable),6A6C31A5,500.00,52.00,66.67
2024-02,Leg Extension (Machine),75A4F6C4,1020.00,100.00,133.33
2024-02,Overhead Curl (Cable),582ADA23,54.40,6.80,8.61
2024-02,Preacher Curl (Barbell),4F942934,197.00,19.70,26.27
2024-02,Pull Up (Assisted),2C37EC5E,428.40,61.20,75.48
2024-02,Rear Delt Reverse Fly (Machine),D8281C62,384.00,32.00,44.80
2024-02,Reverse Grip Lat Pulldown (Cable),046E25A2,540.00,52.00,65.87
2024-02,Seated Calf Raise,062AB91A,906.10,53.30,83.50
2024-02,Seated Leg Curl (Machine),11A123F3,770.00,70.00,95.67
2024-02,Seated Row (Machine),1DF4A847,480.00,60.00,74.00
2024-02,Seated Shoulder Press (Machine),9237BAD1,436.00,43.60,58.13
2024-02,Shoulder Press (Dumbbell),878CD1D0,300.00,30.00,40.00
2024-02,Shrug (Cable),FFABC123,172.50,13.50,18.90
2024-02,Single Arm Cable Row,D0C4A899,200.00,25.00,31.67
2024-02,Single Arm Lat Pulldown,2EE45F81,480.00,40.00,56.00
2024-02,Single Half-Kneeling Lat Pulldown,dac87067-f85f-4246-868f-1e90e082c9c4,244.80,20.40,28.56
2024-02,Triceps Rope Pushdown,94B7239B,180.00,23.00,27.60
2024-03,Chest Fly (Machine),78683336,708.00,59.00,82.60
2024-03,Dumbbell Row,F1E57334,360.00,30.00,42.00
2024-03,Incline Bench Press (Dumbbell),07B38369,420.00,60.00,74.00
2024-03,Iso-Lateral Horizontal Bench Press (Machine),a7571930-775c-4e66-bd6e-1cec4a0bd66c,490.00,69.00,82.80
2024-03,Overhead Curl (Cable),582ADA23,54.40,6.80,8.61
2024-03,Pull Up (Assisted),2C37EC5E,367.20,61.20,73.44
2024-03,Rear Delt Reverse Fly (Machine),D8281C62,468.00,52.00,67.60
2024-03,Seated Shoulder Press (Machine),9237BAD1,240.00,30.00,38.00
2024-03,Shoulder Press (Dumbbell),878CD1D0,300.00,30.00,40.00
2024-03,Shrug (Cable),FFABC123,217.20,18.10,25.34
2024-03,Single Half-Kneeling Lat Pulldown,dac87067-f85f-4246-868f-1e90e082c9c4,272.40,22.70,31.78
2024-03,Triceps Rope Pushdown,94B7239B,177.10,25.30,31.20
2024-04,Bicep Curl (Dumbbell),37FCC2BB,63.00,9.00,11.10
2024-04,Chest Fly (Machine),78683336,726.00,66.00,90.20
2024-04,Dumbbell Row,F1E57334,360.00,30.00,42.00
2024-04,Glute Kickback (Machine),CBA02382,98.00,14.00,17.27
2024-04,Hip Abduction (Machine),F4B4C6EE,567.00,63.00,81.90
2024-04,Incline Chest Press (Machine),FBF92739,403.20,46.80,56.16
2024-04,Iso-Lateral Horizontal Bench Press (Machine),a7571930-775c-4e66-bd6e-1cec4a0bd66c,552.00,79.00,92.17
2024-04,Lat Pulldown (Machine),473CF5B8,1000.00,120.00,152.00
2024-04,Preacher Curl (Barbell),4F942934,200.00,25.00,28.33
2024-04,Pull Up (Assisted),2C37EC5E,367.20,61.20,73.44
2024-04,Pullover (Machine),B123DD01,118.40,14.80,18.75
2024-04,Rear Delt Reverse Fly (Cable),C315DC2A,41.40,4.60,5.98
2024-04,Rear Delt Reverse Fly (Machine),D8281C62,468.00,52.00,67.60
2024-04,Romanian Deadlift (Barbell),2B4B7310,180.00,30.00,36.00
2024-04,Seated Cable Row - Bar Grip,F1D60854,528.00,66.00,83.60
2024-04,Seated Row (Machine),1DF4A847,499.10,71.30,87.94
2024-04,Seated Shoulder Press (Machine),9237BAD1,360.00,60.00,72.00
2024-04,Shrug (Cable),FFABC123,217.20,18.10,25.34
2024-04,Shrug (Machine),19A38071,686.70,76.30,99.19
2024-04,Single Arm Lat Pulldown,2EE45F81,144.80,18.10,22.93
2024-04,Single Arm Lateral Raise (Cable),DE68C825,36.00,4.50,5.70
2024-04,Squat (Barbell),D04AC939,320.00,60.00,70.00
2024-04,Triceps Kickback (Cable),EC3B69A3,67.50,6.80,8.39
2024-05,Bench Press (Barbell),79D0BB3A,420.00,80.00,88.00
2024-05,Chest Fly (Machine),78683336,792.00,66.00,92.40
2024-05,Incline Chest Press (Machine),FBF92739,280.80,46.80,56.16
2024-05,Iso-Lateral Horizontal Bench Press (Machine),a7571930-775c-4e66-bd6e-1cec4a0bd66c,483.00,69.00,85.10
2024-05,Seated Shoulder Press (Machine),9237BAD1,360.00,60.00,72.00
2024-05,Shoulder Press (Dumbbell),878CD1D0,330.00,30.00,41.00
2024-05,Single Arm Lateral Raise (Cable),DE68C825,36.00,4.50,5.70
2024-05,Triceps Kickback (Cable),EC3B69A3,81.60,9.00,10.80
2024-05,Triceps Rope Pushdown,94B7239B,216.00,18.00,25.20
2024-06,Bench Press (Barbell),79D0BB3A,560.00,80.00,90.67
2024-06,Bicep Curl (Dumbbell),37FCC2BB,108.00,9.00,12.60
2024-06,Cable Fly Crossovers,651F844C,105.60,11.30,14.69
2024-06,Chest Fly (Machine),78683336,528.00,66.00,83.60
2024-06,Dumbbell Row,F1E57334,360.00,30.00,42.00
2024-06,Glute Kickback (Machine),CBA02382,98.00,14.00,17.27
2024-06,Hammer Curl (Dumbbell),7E3BC8B6,36.00,9.00,10.20
2024-06,Hip Abduction (Machine),F4B4C6EE,567.00,63.00,81.90
2024-06,Incline Chest Press (Machine),FBF92739,568.00,56.80,75.73
2024-06,Iso-Lateral Horizontal Bench Press (Machine),a7571930-775c-4e66-bd6e-1cec4a0bd66c,483.00,69.00,85.10
2024-06,Lat Pulldown (Cable),6A6C31A5,540.00,45.00,63.00
2024-06,Lat Pulldown (Machine),473CF5B8,1000.00,120.00,148.00
2024-06,Leg Press (Machine),C7973E0E,800.00,80.00,106.67
2024-06,Preacher Curl (Barbell),4F942934,200.00,25.00,28.33
2024-06,Pull Up (Assisted),2C37EC5E,367.20,61.20,73.44
2024-06,Pullover (Machine),B123DD01,118.40,14.80,18.75
2024-06,Rear Delt Reverse Fly (Cable),C315DC2A,55.20,4.60,6.44
2024-06,Rear Delt Reverse Fly (Machine),D8281C62,468.00,52.00,67.60
2024-06,Romanian Deadlift (Barbell),2B4B7310,100.00,20.00,23.33
2024-06,Seated Cable Row - Bar Grip,F1D60854,520.00,52.00,69.33
2024-06,Seated Leg Curl (Machine),11A123F3,320.00,41.00,50.57
2024-06,Seated Row (Machine),1DF4A847,499.10,71.30,87.94
2024-06,Seated Shoulder Press (Machine),9237BAD1,360.00,60.00,72.00
2024-06,Shoulder Press (Dumbbell),878CD1D0,390.00,45.00,54.00
2024-06,Shrug (Cable),FFABC123,217.20,18.10,25.34
2024-06,Shrug (Dumbbell),ABEC557F,375.00,37.50,50.00
2024-06,Shrug (Machine),19A38071,686.70,76.30,99.19
2024-06,Single Arm Lat Pulldown,2EE45F81,144.80,18.10,22.93
2024-06,Single Arm Lateral Raise (Cable),DE68C825,36.00,4.50,5.70
2024-06,Squat (Barbell),D04AC939,360.00,60.00,72.00
2024-06,Triceps Kickback (Cable),EC3B69A3,63.00,9.00,11.10
2024-06,Triceps Pushdown,93A552C6,163.20,18.10,22.93
2024-06,Triceps Rope Pushdown,94B7239B,216.00,18.00,25.20
2024-07,Bench Press (Barbell),79D0BB3A,720.00,60.00,84.00
2024-07,Bent Over Row (Barbell),55E6546F,720.00,60.00,84.00
2024-07,Bicep Curl (Dumbbell),37FCC2BB,200.00,25.00,31.67
2024-07,Cable Fly Crossovers,651F844C,163.80,22.60,27.87
2024-07,Dumbbell Row,F1E57334,360.00,30.00,42.00
2024-07,Hammer Curl (Dumbbell),7E3BC8B6,40.00,10.00,11.33
2024-07,Incline Bench Press (Barbell),50DFDFAB,600.00,60.00,76.00
2024-07,Incline Bench Press (Dumbbell),07B38369,525.00,55.00,71.50
2024-07,Incline Chest Press (Machine),FBF92739,568.00,56.80,75.73
2024-07,Lat Pulldown (Cable),6A6C31A5,450.00,52.00,64.13
2024-07,Lat Pulldown (Machine),473CF5B8,320.00,40.00,50.67
2024-07,Lateral Raise (Cable),BE289E45,54.00,9.00,10.80
2024-07,Preacher Curl (Barbell),4F942934,200.00,25.00,28.33
2024-07,Pull Up (Assisted),2C37EC5E,367.20,61.20,73.44
2024-07,Pullover (Machine),B123DD01,118.40,14.80,18.75
2024-07,Rear Delt Reverse Fly (Cable),C315DC2A,72.00,9.00,11.40
2024-07,Rear Delt Reverse Fly (Machine),D8281C62,468.00,52.00,67.60
2024-07,Reverse Grip Lat Pulldown (Cable),046E25A2,405.00,45.00,58.50
2024-07,Seated Cable Row - Bar Grip,F1D60854,450.00,45.00,60.00
2024-07,Seated Row (Machine),1DF4A847,499.10,71.30,87.94
2024-07,Seated Shoulder Press (Machine),9237BAD1,300.00,30.00,40.00
2024-07,Shoulder Press (Dumbbell),878CD1D0,420.00,45.00,54.00
2024-07,Shrug (Cable),FFABC123,217.20,18.10,25.34
2024-07,Shrug (Dumbbell),ABEC557F,375.00,37.50,50.00
2024-07,Shrug (Machine),19A38071,686.70,76.30,99.19
2024-07,Single Arm Lat Pulldown,2EE45F81,144.80,18.10,22.93
2024-07,Single Arm Lateral Raise (Cable),DE68C825,36.00,4.50,5.70
2024-07,Triceps Kickback (Cable),EC3B69A3,108.00,13.60,15.41
2024-07,Triceps Rope Pushdown,94B7239B,217.20,18.10,25.34
2024-08,Bench Press (Barbell),79D0BB3A,490.00,70.00,86.33
2024-08,Bench Press (Dumbbell),3601968B,400.00,50.00,63.33
2024-08,Bent Over Row (Barbell),55E6546F,720.00,80.00,96.00
2024-08,Bicep Curl (Dumbbell),37FCC2BB,300.00,30.00,40.00
2024-08,Cable Fly Crossovers,651F844C,218.40,27.20,31.73
2024-08,Chest Fly (Machine),78683336,594.00,66.00,85.80
2024-08,Chest Press (Machine),7EB3F7C3,287.00,45.00,54.00
2024-08,Glute Kickback (Machine),CBA02382,720.00,104.00,121.33
2024-08,Hammer Curl (Dumbbell),7E3BC8B6,80.00,25.00,27.50
2024-08,Incline Bench Press (Barbell),50DFDFAB,480.00,60.00,76.00
2024-08,Incline Chest Press (Machine),FBF92739,480.00,60.00,74.00
2024-08,Lat Pulldown (Cable),6A6C31A5,560.00,70.00,88.67
2024-08,Lateral Raise (Cable),BE289E45,63.00,9.00,11.10
2024-08,Leg Extension (Machine),75A4F6C4,600.00,59.00,78.67
2024-08,Pullover (Machine),B123DD01,605.00,55.00,75.17
2024-08,Rear Delt Reverse Fly (Cable),C315DC2A,125.40,11.40,15.58
2024-08,Reverse Fly Single Arm (Cable),9264ADA1,68.40,5.70,7.98
2024-08,Reverse Grip Lat Pulldown (Cable),046E25A2,312.00,39.00,49.40
2024-08,Romanian Deadlift (Barbell),2B4B7310,280.00,40.00,49.33
2024-08,Seated Cable Row - Bar Grip,F1D60854,429.00,45.00,58.50
2024-08,Seated Shoulder Press (Machine),9237BAD1,280.00,35.00,44.33
2024-08,Shoulder Press (Dumbbell),878CD1D0,270.00,30.00,39.00
2024-08,Squat (Barbell),D04AC939,480.00,60.00,76.00
2024-08,Triceps Kickback (Cable),EC3B69A3,108.80,13.60,17.23
2024-08,Triceps Rope Pushdown,94B7239B,163.20,20.60,25.41
2024-09,Bench Press (Barbell),79D0BB3A,400.00,50.00,63.33
2024-09,Bench Press (Dumbbell),3601968B,600.00,60.00,76.00
2024-09,Bent Over Row (Barbell),55E6546F,720.00,70.00,93.33
2024-09,Bicep Curl (Cable),ADA8623C,81.00,9.00,11.70
2024-09,Bicep Curl (Dumbbell),37FCC2BB,200.00,20.00,26.67
2024-09,Cable Fly Crossovers,651F844C,182.00,27.20,32.64
2024-09,Chest Fly (Machine),78683336,792.00,66.00,92.40
2024-09,Glute Kickback (Machine),CBA02382,648.00,54.00,75.60
2024-09,Hip Abduction (Machine),F4B4C6EE,650.00,65.00,86.67
2024-09,Hip Adduction (Machine),8BEBFED6,750.00,65.00,86.67
2024-09,Incline Bench Press (Dumbbell),07B38369,600.00,50.00,70.00
2024-09,Incline Chest Press (Machine),FBF92739,80.00,10.00,12.67
2024-09,Lat Pulldown (Cable),6A6C31A5,594.00,73.00,85.80
2024-09,Lateral Raise (Cable),BE289E45,72.00,9.00,11.40
2024-09,Leg Press (Machine),C7973E0E,1280.00,160.00,202.67
2024-09,Preacher Curl (Barbell),4F942934,120.00,20.00,23.33
2024-09,Preacher Curl (Dumbbell),FAB6EB2F,70.00,10.00,12.33
2024-09,Pull Up (Assisted),2C37EC5E,2516.00,68.00,151.87
2024-09,Rear Delt Reverse Fly (Cable),C315DC2A,81.60,13.60,16.32
2024-09,Rear Delt Reverse Fly (Machine),D8281C62,572.00,52.00,71.07
2024-09,Reverse Grip Lat Pulldown (Cable),046E25A2,468.00,45.00,60.00
2024-09,Romanian Deadlift (Barbell),2B4B7310,490.00,70.00,86.33
2024-09,Seated Cable Row - Bar Grip,F1D60854,468.00,52.00,67.60
2024-09,Seated Leg Curl (Machine),11A123F3,385.00,35.00,47.83
2024-09,Seated Row (Machine),1DF4A847,320.00,40.00,50.67
2024-09,Seated Shoulder Press (Machine),9237BAD1,280.00,35.00,44.33
2024-09,Shoulder Press (Dumbbell),878CD1D0,480.00,40.00,56.00
2024-09,Shoulder Press (Machine Plates),059E835D,270.00,30.00,39.00
2024-09,Single Arm Cable Row,D0C4A899,390.00,39.00,52.00
2024-09,Triceps Kickback (Cable),EC3B69A3,163.20,13.60,19.04
2024-09,Triceps Rope Pushdown,94B7239B,135.60,11.30,15.82
2024-10,Bench Press (Dumbbell),3601968B,450.00,75.00,85.00
2024-10,Bicep Curl (Cable),ADA8623C,81.00,9.00,11.70
2024-10,Cable Fly Crossovers,651F844C,204.00,13.60,20.40
2024-10,Glute Kickback (Machine),CBA02382,552.00,54.00,64.40
2024-10,Hip Abduction (Machine),F4B4C6EE,945.00,70.00,94.50
2024-10,Hip Adduction (Machine),8BEBFED6,602.00,43.00,63.07
2024-10,Hip Thrust (Machine),f7797add-43b8-46e8-a04c-6d02d353f551,821.60,102.70,130.09
2024-10,Incline Bench Press (Barbell),50DFDFAB,480.00,70.00,81.67
2024-10,Incline Chest Press (Machine),FBF92739,643.20,63.60,84.80
2024-10,Iso-Lateral Horizontal Bench Press (Machine),a7571930-775c-4e66-bd6e-1cec4a0bd66c,801.00,89.00,115.70
2024-10,Lat Pulldown (Cable),6A6C31A5,624.00,59.00,78.67
2024-10,Lat Pulldown (Machine),473CF5B8,800.00,80.00,106.67
2024-10,Lateral Raise (Cable),BE289E45,72.00,9.00,11.40
2024-10,Leg Extension (Machine),75A4F6C4,924.00,91.00,115.27
2024-10,Leg Press (Machine),C7973E0E,1572.00,185.70,235.22
2024-10,Preacher Curl (Barbell),4F942934,210.00,20.00,25.33
2024-10,Pull Up (Assisted),2C37EC5E,584.00,73.00,92.47
2024-10,Rear Delt Reverse Fly (Cable),C315DC2A,81.00,9.00,11.70
2024-10,Romanian Deadlift (Barbell),2B4B7310,400.00,80.00,93.33
2024-10,Seated Cable Row - Bar Grip,F1D60854,520.00,52.00,69.33
2024-10,Seated Cable Row - V Grip (Cable),0393F233,388.00,77.60,90.53
2024-10,Seated Incline Curl (Dumbbell),8BAB2735,120.00,10.00,14.00
2024-10,Seated Leg Curl (Machine),11A123F3,522.00,43.50,60.90
2024-10,Seated Row (Machine),1DF4A847,690.00,71.50,92.00
2024-10,Shoulder Press (Dumbbell),878CD1D0,440.00,55.00,69.67
2024-10,Shoulder Press (Machine Plates),059E835D,270.00,30.00,39.00
2024-10,Single Arm Cable Row,D0C4A899,200.00,39.00,42.90
2024-10,Single Leg Press (Machine) (Heel) (Glutes),24c8a284-df46-45d3-940b-a66d1ae6ef02,378.00,54.00,66.60
2024-10,Squat (Barbell),D04AC939,400.00,80.00,93.33
2024-10,Triceps Kickback (Cable),EC3B69A3,108.80,13.60,17.23
2024-10,Triceps Pushdown,93A552C6,180.00,18.00,24.00
2024-11,Bench Press (Barbell),79D0BB3A,560.00,90.00,99.00
2024-11,Bench Press (Dumbbell),3601968B,525.00,70.00,81.67
2024-11,Cable Fly Crossovers,651F844C,273.00,18.20,27.30
2024-11,Glute Kickback (Machine),CBA02382,552.00,46.00,64.40
2024-11,Hip Abduction (Machine),F4B4C6EE,1020.00,70.00,102.00
2024-11,Hip Adduction (Machine),8BEBFED6,645.00,43.00,64.50
2024-11,Hip Thrust (Machine),f7797add-43b8-46e8-a04c-6d02d353f551,821.60,102.70,130.09
2024-11,Incline Chest Press (Machine),FBF92739,763.20,70.00,89.04
2024-11,Iso-Lateral Horizontal Bench Press (Machine),a7571930-775c-4e66-bd6e-1cec4a0bd66c,890.00,89.00,118.67
2024-11,Lat Pulldown (Cable),6A6C31A5,624.00,86.00,97.47
2024-11,Leg Extension (Machine),75A4F6C4,946.00,95.00,117.53
2024-11,Leg Press (Machine),C7973E0E,1957.00,215.70,273.22
2024-11,Preacher Curl (Barbell),4F942934,220.00,20.00,27.33
2024-11,Pull Up (Assisted),2C37EC5E,544.00,68.00,86.13
2024-11,Rear Delt Reverse Fly (Cable),C315DC2A,54.00,9.00,10.80
2024-11,Romanian Deadlift (Barbell),2B4B7310,450.00,90.00,105.00
2024-11,Seated Cable Row - V Grip (Cable),0393F233,395.00,79.00,92.17
2024-11,Seated Leg Curl (Machine),11A123F3,500.00,52.50,66.67
2024-11,Seated Row (Machine),1DF4A847,726.00,77.60,100.88
2024-11,Shoulder Press (Dumbbell),878CD1D0,300.00,60.00,70.00
2024-11,Single Arm Lat Pulldown,2EE45F81,272.40,22.70,31.78
2024-11,Squat (Barbell),D04AC939,400.00,90.00,102.00
2024-11,Triceps Pushdown,93A552C6,162.00,13.50,18.90
2024-12,Bench Press (Barbell),79D0BB3A,400.00,70.00,81.67
2024-12,Bench Press (Dumbbell),3601968B,490.00,80.00,88.00
2024-12,Cable Fly Crossovers,651F844C,273.00,18.20,27.30
2024-12,Chest Fly (Machine),78683336,513.00,60.00,74.10
2024-12,Chest Press (Machine),7EB3F7C3,250.00,50.00,58.33
2024-12,Face Pull,BE640BA0,207.00,23.00,29.90
2024-12,Hammer Curl (Dumbbell),7E3BC8B6,180.00,20.00,26.00
2024-12,Incline Bench Press (Smith Machine),3A6FA3D1,400.00,65.00,69.33
2024-12,Iso-Lateral Row (Machine),AA1EB7D8,5430.00,543.00,724.00
2024-12,Lat Pulldown (Cable),6A6C31A5,600.00,64.00,80.00
2024-12,Lateral Raise (Dumbbell),422B08F1,110.00,10.00,13.67
2024-12,Overhead Press (Smith Machine),B09A1304,200.00,20.00,26.67
2024-12,Preacher Curl (Dumbbell),FAB6EB2F,75.00,7.50,10.00
2024-12,Pull Up (Assisted),2C37EC5E,585.00,97.50,117.00
2024-12,Rear Delt Reverse Fly (Cable),C315DC2A,99.00,9.00,12.30
2024-12,Rear Delt Reverse Fly (Machine),D8281C62,473.00,50.00,63.33
2024-12,Seated Cable Row - Bar Grip,F1D60854,570.00,57.00,76.00
2024-12,Seated Cable Row - V Grip (Cable),0393F233,474.00,79.00,94.80
2024-12,Seated Incline Bicep Curl (Dumbbell),887acff5-9af0-4fc7-a3e6-009717779983,100.00,10.00,13.33
2024-12,Shoulder Press (Dumbbell),878CD1D0,350.00,55.00,66.00
2024-12,Shoulder Press (Machine Plates),059E835D,300.00,60.00,70.00
2024-12,Single Arm Lat Pulldown,2EE45F81,270.00,45.00,54.00
2024-12,T Bar Row,08A2974E,200.00,25.00,31.67
2024-12,Triceps Rope Pushdown,94B7239B,288.00,24.00,33.60
2025-01,Bench Press (Dumbbell),3601968B,490.00,85.00,96.33
2025-01,Chest Fly (Machine),78683336,684.00,57.00,79.80
2025-01,Chest Press (Machine),7EB3F7C3,280.00,40.00,49.33
2025-01,Hack Squat (Machine),1E42FD5F,380.80,47.60,60.29
2025-01,Incline Bench Press (Dumbbell),07B38369,450.00,75.00,90.00
2025-01,Lat Pulldown (Cable),6A6C31A5,295.00,59.00,68.83
2025-01,Lat Pulldown (Machine),473CF5B8,627.00,57.00,77.90
2025-01,Lateral Raise (Dumbbell),422B08F1,120.00,15.00,19.00
2025-01,Leg Press (Machine),C7973E0E,1020.80,127.60,161.63
2025-01,Preacher Curl (Dumbbell),FAB6EB2F,90.00,10.00,12.67
2025-01,Rear Delt Reverse Fly (Cable),C315DC2A,51.60,8.60,10.32
2025-01,Rear Delt Reverse Fly (Machine),D8281C62,550.00,50.00,68.33
2025-01,Romanian Deadlift (Barbell),2B4B7310,450.00,100.00,110.00
2025-01,Seated Dip Machine,5122E7D9,910.00,91.00,121.33
2025-01,Shoulder Press (Dumbbell),878CD1D0,400.00,50.00,63.33
2025-01,Shoulder Press (Machine Plates),059E835D,300.00,50.00,60.00
2025-01,Single Arm Cable Row,D0C4A899,215.00,43.00,50.17
2025-01,Single Arm Lat Pulldown,2EE45F81,344.00,57.00,66.50
2025-01,Triceps Kickback (Cable),EC3B69A3,163.20,13.60,19.04
2025-01,Triceps Rope Pushdown,94B7239B,184.00,23.00,29.13
2025-06,Bench Press (Dumbbell),3601968B,490.00,70.00,86.33
2025-06,Bent Over Row (Barbell),55E6546F,300.00,30.00,40.00
2025-06,Cable Fly Crossovers,651F844C,163.20,13.60,19.04
2025-06,Hack Squat (Machine),1E42FD5F,380.80,47.60,60.29
2025-06,Hammer Curl (Dumbbell),7E3BC8B6,180.00,20.00,26.00
2025-06,Incline Bench Press (Dumbbell),07B38369,400.00,50.00,60.00
2025-06,Incline Chest Press (Machine),FBF92739,526.00,52.60,70.13
2025-06,Iso-Lateral Row (Machine),AA1EB7D8,440.00,40.00,54.67
2025-06,Lat Pulldown (Cable),6A6C31A5,624.00,59.00,76.70
2025-06,Lateral Raise (Cable),BE289E45,31.50,4.50,5.55
2025-06,Leg Press (Machine),C7973E0E,1020.80,127.60,161.63
2025-06,Preacher Curl (Barbell),4F942934,120.00,15.00,19.00
2025-06,Preacher Curl (Dumbbell),FAB6EB2F,75.00,7.50,10.00
2025-06,Pull Up (Assisted),2C37EC5E,585.00,97.50,117.00
2025-06,Rear Delt Reverse Fly (Cable),C315DC2A,51.60,8.60,10.32
2025-06,Rear Delt Reverse Fly (Machine),D8281C62,300.00,30.00,40.00
2025-06,Reverse Grip Lat Pulldown (Cable),046E25A2,300.00,32.00,41.60
2025-06,Romanian Deadlift (Barbell),2B4B7310,480.00,60.00,76.00
2025-06,Seated Cable Row - V Grip (Cable),0393F233,420.80,52.60,66.63
2025-06,Seated Lateral Raise (Dumbbell),9372FFAA,50.00,5.00,6.67
2025-06,Seated Row (Machine),1DF4A847,563.40,62.60,81.38
2025-06,Shoulder Press (Dumbbell),878CD1D0,450.00,45.00,57.00
2025-06,Shoulder Press (Machine Plates),059E835D,300.00,50.00,60.00
2025-06,Single Arm Cable Row,D0C4A899,384.00,39.00,46.80
2025-06,Triceps Rope Pushdown,94B7239B,124.30,11.30,15.44
2025-07,Bent Over Row (Barbell),55E6546F,420.00,60.00,74.00
2025-07,Cable Core Palloff Press,CC55119B,67.50,4.50,6.75
2025-07,Cable Crunch,23A48484,91.00,9.10,12.13
2025-07,Cable Fly Crossovers,651F844C,135.00,9.00,13.50
2025-07,Cable Twist (Up to down),A2D838BD,55.20,4.60,6.44
2025-07,Face Pull,BE640BA0,81.60,9.10,11.22
2025-07,Glute Kickback (Machine),CBA02382,276.00,23.00,32.20
2025-07,Hip Abduction (Machine),F4B4C6EE,1890.00,104.00,135.20
2025-07,Hip Adduction (Machine),8BEBFED6,483.00,43.00,58.77
2025-07,Hip Thrust (Machine),68CE0B9B,741.60,92.70,117.42
2025-07,Incline Bench Press (Dumbbell),07B38369,420.00,40.00,53.33
2025-07,Incline Chest Press (Machine),FBF92739,655.20,72.80,94.64
2025-07,Lat Pulldown (Cable),6A6C31A5,624.00,59.00,78.67
2025-07,Lat Pulldown (Machine),473CF5B8,900.00,80.00,106.67
2025-07,Lateral Raise (Cable),BE289E45,27.60,2.30,3.22
2025-07,Leg Press Horizontal (Machine),0EB695C9,960.00,64.00,96.00
2025-07,Rear Delt Reverse Fly (Cable),C315DC2A,82.80,9.20,11.65
2025-07,Rear Delt Reverse Fly (Machine),D8281C62,468.00,39.00,54.60
2025-07,Romanian Deadlift (Barbell),2B4B7310,480.00,60.00,76.00
2025-07,Seated Cable Row - Bar Wide Grip,C3BCABB3,624.00,59.00,78.67
2025-07,Seated Lateral Raise (Dumbbell),9372FFAA,104.00,8.00,11.47
2025-07,Seated Leg Curl (Machine),11A123F3,416.00,41.00,51.93
2025-07,Shoulder Press (Dumbbell),878CD1D0,450.00,50.00,63.33
2025-07,Shoulder Press (Machine Plates),059E835D,489.60,40.80,57.12
2025-07,Single Arm Cable Row,D0C4A899,180.00,18.00,24.00
2025-07,Single Arm Lateral Raise (Cable),DE68C825,29.90,2.30,3.30
2025-07,Standing Cable Glute Kickbacks,ACB2751D,27.60,2.30,3.22
2025-08,Cable Fly Crossovers,651F844C,163.20,13.60,19.04
2025-08,Crunch (Machine),EB43ADD4,2862.00,54.00,113.40
2025-08,Hip Abduction (Machine),F4B4C6EE,1260.00,104.00,145.60
2025-08,Hip Thrust (Machine),68CE0B9B,827.00,82.70,110.27
2025-08,Incline Chest Press (Machine),FBF92739,565.20,92.80,102.08
2025-08,Lat Pulldown (Cable),6A6C31A5,416.00,52.00,65.87
2025-08,Rear Delt Reverse Fly (Cable),C315DC2A,41.40,4.60,5.98
2025-08,Romanian Deadlift (Barbell),2B4B7310,480.00,80.00,96.00
2025-08,Shoulder Press (Machine Plates),059E835D,508.00,50.80,67.73
2025-08,Single Arm Lateral Raise (Cable),DE68C825,27.60,2.30,3.22
2026-03,Cable Fly Crossovers,651F844C,90.00,9.00,12.00
2026-03,Chest Fly (Machine),78683336,585.00,52.00,67.60
2026-03,Hip Abduction (Machine),F4B4C6EE,1260.00,104.00,145.60
2026-03,Incline Bench Press (Dumbbell),07B38369,360.00,30.00,42.00
2026-03,Lat Pulldown (Cable),6A6C31A5,512.00,52.00,65.87
2026-03,Lateral Raise (Cable),BE289E45,16.10,2.30,2.84
2026-03,Overhead Triceps Extension (Cable),B5EFBF9C,34.00,6.80,7.93
2026-03,Preacher Curl (Barbell),4F942934,105.00,12.50,15.83
2026-03,Rear Delt Reverse Fly (Cable),C315DC2A,27.60,4.60,5.52
2026-03,Rear Delt Reverse Fly (Machine),D8281C62,375.00,32.00,42.67
2026-03,Romanian Deadlift (Barbell),2B4B7310,300.00,30.00,39.00
2026-03,Seated Cable Row - V Grip (Cable),0393F233,390.00,39.00,52.00
2026-03,Shoulder Press (Dumbbell),878CD1D0,400.00,25.00,38.33
2026-03,Shoulder Press (Machine Plates),059E835D,135.00,15.00,19.50
2026-03,Triceps Rope Pushdown,94B7239B,68.00,9.00,10.80
2026-04,Bicep Curl (Dumbbell),37FCC2BB,110.00,11.00,14.67
2026-04,Cable Core Palloff Press,CC55119B,63.70,9.10,11.22
2026-04,Cable Fly Crossovers,651F844C,236.60,18.20,26.09
2026-04,Chest Fly (Machine),78683336,1116.00,93.00,130.20
2026-04,Face Pull,BE640BA0,91.00,9.10,12.13
2026-04,Glute Kickback (Machine),CBA02382,168.00,14.00,19.60
2026-04,Hip Abduction (Machine),F4B4C6EE,1026.00,74.00,101.13
2026-04,Hip Adduction (Machine),8BEBFED6,437.00,36.00,46.80
2026-04,Hip Thrust (Machine),68CE0B9B,579.70,52.70,72.02
2026-04,Incline Bench Press (Dumbbell),07B38369,315.00,35.00,45.50
2026-04,Incline Chest Press (Machine),FBF92739,771.80,75.40,90.48
2026-04,Iso-Lateral Chest Press (Machine),24706DCD,589.60,53.60,73.25
2026-04,Iso-Lateral Row (Machine),AA1EB7D8,615.60,51.30,71.82
2026-04,Lat Pulldown (Cable),6A6C31A5,825.00,59.00,74.73
2026-04,Lateral Raise (Cable),BE289E45,27.60,2.30,3.22
2026-04,Leg Extension (Machine),75A4F6C4,460.00,46.00,61.33
2026-04,Overhead Triceps Extension (Cable),B5EFBF9C,88.40,6.80,9.75
2026-04,Preacher Curl (Barbell),4F942934,187.50,15.00,18.75
2026-04,Pull Up (Assisted),2C37EC5E,367.20,61.20,73.44
2026-04,Rear Delt Reverse Fly (Machine),D8281C62,544.00,45.00,55.50
2026-04,Romanian Deadlift (Barbell),2B4B7310,400.00,50.00,63.33
2026-04,Romanian Deadlift (Dumbbell),72CFFAD5,280.00,40.00,49.33
2026-04,Seated Cable Row - Bar Grip,F1D60854,320.00,39.00,48.10
2026-04,Seated Leg Curl (Machine),11A123F3,432.00,50.00,56.67
2026-04,Shoulder Press (Dumbbell),878CD1D0,480.00,40.00,56.00
2026-04,Shoulder Press (Machine Plates),059E835D,340.00,35.40,46.02
2026-04,Single Arm Cable Row,D0C4A899,150.00,32.00,36.27
2026-04,Standing Cable Glute Kickbacks,ACB2751D,49.50,4.50,6.15
2026-04,Triceps Kickback (Cable),EC3B69A3,11.50,2.30,2.68
2026-04,Triceps Pushdown,93A552C6,124.30,11.30,15.44
2026-04,Triceps Rope Pushdown,94B7239B,113.00,11.30,15.07
2026-05,Behind the Back Curl (Cable),2DBCA395,117.00,9.00,12.90
2026-05,Cable Core Palloff Press,CC55119B,6.80,6.80,7.03
2026-05,Chest Fly (Machine),78683336,1032.00,93.00,120.40
2026-05,Face Pull,BE640BA0,91.00,9.10,12.13
2026-05,Glute Kickback (Machine),CBA02382,162.00,18.00,23.40
2026-05,Hammer Curl (Cable),36E8F14E,95.20,6.80,9.97
2026-05,Hip Abduction (Machine),F4B4C6EE,980.00,70.00,102.67
2026-05,Hip Adduction (Machine),8BEBFED6,348.00,29.00,40.60
2026-05,Incline Chest Press (Machine),FBF92739,499.40,45.40,62.05
2026-05,Iso-Lateral Row (Machine),AA1EB7D8,513.00,51.30,68.40
2026-05,Lat Pulldown (Cable),6A6C31A5,468.00,52.00,62.40
2026-05,Lateral Raise (Cable),BE289E45,23.00,2.30,3.07
2026-05,Overhead Triceps Extension (Cable),B5EFBF9C,54.40,6.80,8.61
2026-05,Pull Up (Assisted),2C37EC5E,812.00,81.20,108.27
2026-05,Rear Delt Reverse Fly (Machine),D8281C62,585.00,45.00,63.00
2026-05,Romanian Deadlift (Dumbbell),72CFFAD5,440.00,40.00,54.67
2026-05,Seated Leg Curl (Machine),11A123F3,468.00,36.00,51.60
2026-05,Shoulder Press (Machine Plates),059E835D,318.60,36.40,46.02
2026-05,Single Leg Press (Machine),3FD83744,216.00,36.00,43.20
2026-05,Straight Arm Lat Pulldown (Cable),D2387AB1,204.00,20.40,27.20
2026-05,Triceps Pushdown,93A552C6,118.30,9.10,13.04
